dataset,rank,group,sae_gini,logreg_gini,sae_frac_active,logreg_frac_active,sae_auc,logreg_auc
5_hist_fig_ismale,0,historical_figures,0.6401401319039774,0.38359489212222986,0.5263052610522104,0.47709541908381675,0.900206979167405,0.9928866100478058
5_hist_fig_ismale,1,historical_figures,0.344359554574345,0.4204071333714614,0.8513702740548109,0.5013002600520104,0.900206979167405,0.9928866100478058
5_hist_fig_ismale,2,historical_figures,0.35325362625433354,0.42403144766883605,0.834366873374675,0.49329865973194637,0.900206979167405,0.9928866100478058
5_hist_fig_ismale,3,historical_figures,0.2753650468499129,0.3497110065324738,0.9189837967593518,0.5087017403480696,0.900206979167405,0.9928866100478058
5_hist_fig_ismale,4,historical_figures,0.35574474670597267,0.37103136932234526,0.8485697139427886,0.5103020604120824,0.900206979167405,0.9928866100478058
5_hist_fig_ismale,5,historical_figures,0.2995665783627268,0.35753391337800666,0.9001800360072014,0.4986997399479896,0.900206979167405,0.9928866100478058
5_hist_fig_ismale,6,historical_figures,0.6976370098932954,0.4128760570422503,0.41228245649129824,0.5079015803160633,0.900206979167405,0.9928866100478058
5_hist_fig_ismale,7,historical_figures,0.2975923535776077,0.4102970633705858,0.8941788357671534,0.4902980596119224,0.900206979167405,0.9928866100478058
5_hist_fig_ismale,8,historical_figures,0.7264572639770701,0.4093134751440217,0.3862772554510902,0.5137027405481096,0.900206979167405,0.9928866100478058
5_hist_fig_ismale,9,historical_figures,0.7538703554668753,0.40812052216839856,0.3178635727145429,0.5111022204440888,0.900206979167405,0.9928866100478058
5_hist_fig_ismale,10,historical_figures,0.3493150961446505,0.40047402544524413,0.8501700340068014,0.5225045009001801,0.900206979167405,0.9928866100478058
5_hist_fig_ismale,11,historical_figures,0.7489599248102536,0.4242750776465065,0.3664732946589318,0.510502100420084,0.900206979167405,0.9928866100478058
5_hist_fig_ismale,12,historical_figures,0.3462836188135734,0.41426263885893655,0.862372474494899,0.5051010202040408,0.900206979167405,0.9928866100478058
5_hist_fig_ismale,13,historical_figures,0.2811438995557527,0.4220371324568819,0.918383676735347,0.5073014602920584,0.900206979167405,0.9928866100478058
5_hist_fig_ismale,14,historical_figures,0.3279889571557839,0.4164479708197597,0.8839767953590718,0.5007001400280056,0.900206979167405,0.9928866100478058
5_hist_fig_ismale,15,historical_figures,0.6861208149042317,0.38687746097353015,0.3836767353470694,0.493498699739948,0.900206979167405,0.9928866100478058
6_hist_fig_isamerican,0,historical_figures,0.2650806481697132,0.40804743701823165,0.9159831966393278,0.493498699739948,0.9385614137770762,0.976572950536637
6_hist_fig_isamerican,1,historical_figures,0.30076731586653316,0.47746555997199813,0.9105821164232847,0.5787157431486297,0.9385614137770762,0.976572950536637
6_hist_fig_isamerican,2,historical_figures,0.2764313116706463,0.3846360416127168,0.9155831166233247,0.47329465893178635,0.9385614137770762,0.976572950536637
6_hist_fig_isamerican,3,historical_figures,0.284889262899948,0.4279639769553387,0.9219843968793758,0.499499899979996,0.9385614137770762,0.976572950536637
6_hist_fig_isamerican,4,historical_figures,0.8580401908277655,0.39279558030928086,0.21844368873774755,0.5041008201640328,0.9385614137770762,0.976572950536637
6_hist_fig_isamerican,5,historical_figures,0.23537787541454347,0.42294488569128963,0.9381876375275054,0.47889577915583115,0.9385614137770762,0.976572950536637
6_hist_fig_isamerican,6,historical_figures,0.713135795141745,0.4247690741080652,0.4128825765153031,0.49049809961992397,0.9385614137770762,0.976572950536637
6_hist_fig_isamerican,7,historical_figures,0.24227265210338977,0.3149573992348904,0.9323864772954591,0.481496299259852,0.9385614137770762,0.976572950536637
6_hist_fig_isamerican,8,historical_figures,0.7309192511717901,0.35367289311605,0.3680736147229446,0.5271054210842169,0.9385614137770762,0.976572950536637
6_hist_fig_isamerican,9,historical_figures,0.2730912624612596,0.39976779616332747,0.8985797159431886,0.508501700340068,0.9385614137770762,0.976572950536637
6_hist_fig_isamerican,10,historical_figures,0.2699732209107901,0.4210195098660974,0.9095819163832767,0.5077015403080616,0.9385614137770762,0.976572950536637
6_hist_fig_isamerican,11,historical_figures,0.25538837000144254,0.41574601349795204,0.9303860772154431,0.48749749949989996,0.9385614137770762,0.976572950536637
6_hist_fig_isamerican,12,historical_figures,0.8553804094715258,0.41904393800583817,0.20504100820164034,0.4940988197639528,0.9385614137770762,0.976572950536637
6_hist_fig_isamerican,13,historical_figures,0.7449965965673979,0.33168289282460406,0.3046609321864373,0.5097019403880776,0.9385614137770762,0.976572950536637
6_hist_fig_isamerican,14,historical_figures,0.7090021019604253,0.3277505464019772,0.41368273654730947,0.4766953390678136,0.9385614137770762,0.976572950536637
6_hist_fig_isamerican,15,historical_figures,0.8800634052349223,0.3926226821363974,0.15063012602520504,0.4860972194438888,0.9385614137770762,0.976572950536637
7_hist_fig_ispolitician,0,historical_figures,0.7531391050284484,0.38500471764174815,0.3626725345069014,0.48769753950790157,0.6388236312692461,0.6746780380319157
7_hist_fig_ispolitician,1,historical_figures,0.6817467703951112,0.4132447646744317,0.4480896179235847,0.48769753950790157,0.6388236312692461,0.6746780380319157
7_hist_fig_ispolitician,2,historical_figures,0.31780792410375125,0.424287869333297,0.874374874974995,0.5079015803160633,0.6388236312692461,0.6746780380319157
7_hist_fig_ispolitician,3,historical_figures,0.25871237225989563,0.41054240102119777,0.9303860772154431,0.4862972594518904,0.6388236312692461,0.6746780380319157
7_hist_fig_ispolitician,4,historical_figures,0.8821834066457486,0.4205600698132017,0.15183036607321465,0.5073014602920584,0.6388236312692461,0.6746780380319157
7_hist_fig_ispolitician,5,historical_figures,0.31610690843038913,0.40823299480725117,0.8865773154630926,0.5103020604120824,0.6388236312692461,0.6746780380319157
7_hist_fig_ispolitician,6,historical_figures,0.27994109316934157,0.4268897561858984,0.9087817563512702,0.5103020604120824,0.6388236312692461,0.6746780380319157
7_hist_fig_ispolitician,7,historical_figures,0.8800111979877863,0.3957411672390254,0.14842968593718744,0.5225045009001801,0.6388236312692461,0.6746780380319157
7_hist_fig_ispolitician,8,historical_figures,0.27230504210146345,0.4148951492174482,0.9141828365673135,0.5133026605321064,0.6388236312692461,0.6746780380319157
7_hist_fig_ispolitician,9,historical_figures,0.3139045425670961,0.3859304078535275,0.8655731146229246,0.5053010602120425,0.6388236312692461,0.6746780380319157
7_hist_fig_ispolitician,10,historical_figures,0.280322071714483,0.42448429144742694,0.9049809961992399,0.4872974594918984,0.6388236312692461,0.6746780380319157
7_hist_fig_ispolitician,11,historical_figures,0.8512288774103818,0.41667021253431025,0.20204040808161633,0.5109021804360873,0.6388236312692461,0.6746780380319157
7_hist_fig_ispolitician,12,historical_figures,0.3199667724681463,0.4105457283391032,0.8779755951190238,0.48069613922784554,0.6388236312692461,0.6746780380319157
7_hist_fig_ispolitician,13,historical_figures,0.28158534507680755,0.41674896798669625,0.907381476295259,0.5183036607321464,0.6388236312692461,0.6746780380319157
7_hist_fig_ispolitician,14,historical_figures,0.7621346626513055,0.4104909848452267,0.2966593318663733,0.4870974194838968,0.6388236312692461,0.6746780380319157
7_hist_fig_ispolitician,15,historical_figures,0.23714577621564703,0.43254857366828814,0.9195839167833567,0.47829565913182637,0.6388236312692461,0.6746780380319157
21_headline_istrump,0,news_headlines,0.5277796232295671,0.3695618969458765,0.5969193838767753,0.47709541908381675,0.8994742232964976,0.972805630967486
21_headline_istrump,1,news_headlines,0.5260141794493747,0.4136583081882499,0.6185237047409482,0.5265053010602121,0.8994742232964976,0.972805630967486
21_headline_istrump,2,news_headlines,0.789140454313564,0.41310029690690353,0.2956591318263653,0.4962992598519704,0.8994742232964976,0.972805630967486
21_headline_istrump,3,news_headlines,0.772718233938954,0.39130840970276837,0.35027005401080213,0.5165033006601321,0.8994742232964976,0.972805630967486
21_headline_istrump,4,news_headlines,0.7710653936365834,0.3907630797973256,0.3098619723944789,0.5197039407881576,0.8994742232964976,0.972805630967486
21_headline_istrump,5,news_headlines,0.20150451208914477,0.37874851959022116,0.9731946389277856,0.48189637927585516,0.8994742232964976,0.972805630967486
21_headline_istrump,6,news_headlines,0.8455907298356429,0.3253919704986914,0.20444088817763553,0.5201040208041608,0.8994742232964976,0.972805630967486
21_headline_istrump,7,news_headlines,0.9207912721886977,0.41235965770044025,0.10802160432086418,0.5053010602120425,0.8994742232964976,0.972805630967486
21_headline_istrump,8,news_headlines,0.912436463815409,0.4097056336204161,0.15863172634526906,0.4888977795559112,0.8994742232964976,0.972805630967486
21_headline_istrump,9,news_headlines,0.4157364038852598,0.4192728900008249,0.7759551910382076,0.4842968593718744,0.8994742232964976,0.972805630967486
21_headline_istrump,10,news_headlines,0.7864094461118889,0.34795345918341547,0.29065813162632526,0.47829565913182637,0.8994742232964976,0.972805630967486
21_headline_istrump,11,news_headlines,0.7469463179294453,0.39219156322679005,0.33606721344268853,0.48649729945989195,0.8994742232964976,0.972805630967486
21_headline_istrump,12,news_headlines,0.8526243418728401,0.4171127118831448,0.20344068813762753,0.5029005801160232,0.8994742232964976,0.972805630967486
21_headline_istrump,13,news_headlines,0.42536528656173944,0.28283194444596105,0.7575515103020604,0.479495899179836,0.8994742232964976,0.972805630967486
21_headline_istrump,14,news_headlines,0.443009742375845,0.4210707224225638,0.741748349669934,0.49249849969994,0.8994742232964976,0.972805630967486
21_headline_istrump,15,news_headlines,0.6232007095409908,0.3905901720743905,0.54250850170034,0.5087017403480696,0.8994742232964976,0.972805630967486
22_headline_isobama,0,news_headlines,0.4897522323569299,0.360302530614953,0.6694864048338368,0.47854984894259817,0.8945248141450673,0.9767329716696804
22_headline_isobama,1,news_headlines,0.2310875407541506,0.4296840421247041,0.9407854984894259,0.5033232628398792,0.8945248141450673,0.9767329716696804
22_headline_isobama,2,news_headlines,0.7795379907630209,0.4290575432288817,0.30634441087613296,0.4972809667673716,0.8945248141450673,0.9767329716696804
22_headline_isobama,3,news_headlines,0.708000049420777,0.4159748771665579,0.38912386706948643,0.4972809667673716,0.8945248141450673,0.9767329716696804
22_headline_isobama,4,news_headlines,0.7930351172929864,0.35356047991623396,0.29063444108761327,0.47673716012084594,0.8945248141450673,0.9767329716696804
22_headline_isobama,5,news_headlines,0.8123311279463277,0.34816351227563436,0.25196374622356493,0.5359516616314199,0.8945248141450673,0.9767329716696804
22_headline_isobama,6,news_headlines,0.5923395687590107,0.38932060262646107,0.5063444108761329,0.49425981873111785,0.8945248141450673,0.9767329716696804
22_headline_isobama,7,news_headlines,0.19357210482573595,0.28803623328748285,0.9764350453172206,0.48036253776435045,0.8945248141450673,0.9767329716696804
22_headline_isobama,8,news_headlines,0.7902001741380429,0.3325966742788129,0.24773413897280966,0.49969788519637465,0.8945248141450673,0.9767329716696804
22_headline_isobama,9,news_headlines,0.6632957691286532,0.36313019212872866,0.43867069486404836,0.486404833836858,0.8945248141450673,0.9767329716696804
22_headline_isobama,10,news_headlines,0.8715661561162644,0.40767833040670665,0.17885196374622356,0.508761329305136,0.8945248141450673,0.9767329716696804
22_headline_isobama,11,news_headlines,0.7734511770812718,0.3311641915399899,0.30453172205438067,0.4918429003021148,0.8945248141450673,0.9767329716696804
22_headline_isobama,12,news_headlines,0.22048809064057906,0.4065157075513326,0.9673716012084592,0.5075528700906344,0.8945248141450673,0.9767329716696804
22_headline_isobama,13,news_headlines,0.9324884600334455,0.40878579199080267,0.09425981873111783,0.5009063444108761,0.8945248141450673,0.9767329716696804
22_headline_isobama,14,news_headlines,0.7614836388520974,0.43000494694296676,0.3075528700906344,0.5027190332326285,0.8945248141450673,0.9767329716696804
22_headline_isobama,15,news_headlines,0.7185794187606851,0.4029793214412538,0.36253776435045315,0.5099697885196375,0.8945248141450673,0.9767329716696804
23_headline_ischina,0,news_headlines,0.1981913218644722,0.4249208381824383,0.9746903607969843,0.49434571890145396,0.8298803265080243,0.9895372163807417
23_headline_ischina,1,news_headlines,0.935001196132285,0.4188633097294099,0.12116316639741519,0.5013462574044157,0.8298803265080243,0.9895372163807417
23_headline_ischina,2,news_headlines,0.8169301293924274,0.41036985790796443,0.22347872913301023,0.4862681744749596,0.8298803265080243,0.9895372163807417
23_headline_ischina,3,news_headlines,0.581771963760769,0.421281037295796,0.6063543349488422,0.4841141626278945,0.8298803265080243,0.9895372163807417
23_headline_ischina,4,news_headlines,0.22397129585363196,0.2918763106655651,0.9402261712439418,0.5088852988691438,0.8298803265080243,0.9895372163807417
23_headline_ischina,5,news_headlines,0.573870042254919,0.3980826273912852,0.5573505654281099,0.4765751211631664,0.8298803265080243,0.9895372163807417
23_headline_ischina,6,news_headlines,0.7654460885444971,0.40515879486804174,0.30048465266558966,0.48034464189553044,0.8298803265080243,0.9895372163807417
23_headline_ischina,7,news_headlines,0.8449157307024662,0.4092319655080161,0.21917070543887993,0.5061927840603123,0.8298803265080243,0.9895372163807417
23_headline_ischina,8,news_headlines,0.20388093944188035,0.2956167996002166,0.968228325255789,0.4894991922455573,0.8298803265080243,0.9895372163807417
23_headline_ischina,9,news_headlines,0.9166439993168947,0.30493768250696096,0.09800753904146473,0.47226709746903606,0.8298803265080243,0.9895372163807417
23_headline_ischina,10,news_headlines,0.861547031336618,0.41877687343315584,0.19493807215939687,0.498115239633818,0.8298803265080243,0.9895372163807417
23_headline_ischina,11,news_headlines,0.7430889175860618,0.41313119211470606,0.3247172859450727,0.5067312870220786,0.8298803265080243,0.9895372163807417
23_headline_ischina,12,news_headlines,0.6636535264914591,0.4269277377505061,0.44426494345718903,0.4905761981690899,0.8298803265080243,0.9895372163807417
23_headline_ischina,13,news_headlines,0.7537870402754929,0.4331362195513333,0.34787291330102316,0.4754981152396338,0.8298803265080243,0.9895372163807417
23_headline_ischina,14,news_headlines,0.6773472893063452,0.3242138963586463,0.4044157242864836,0.48303715670436187,0.8298803265080243,0.9895372163807417
23_headline_ischina,15,news_headlines,0.873269770154246,0.4170605327220904,0.16855142703284867,0.5228863758750674,0.8298803265080243,0.9895372163807417
24_headline_isiran,0,news_headlines,0.7497479457362586,0.3077320207815182,0.33597692862292716,0.47440519105984136,0.9329123914759273,0.9864003399915002
24_headline_isiran,1,news_headlines,0.5118422484306169,0.37990317629705617,0.6474405191059841,0.5010814708002884,0.9329123914759273,0.9864003399915002
24_headline_isiran,2,news_headlines,0.19183418509510042,0.41932863602252457,0.9798125450612833,0.5140591204037491,0.9329123914759273,0.9864003399915002
24_headline_isiran,3,news_headlines,0.5813318323824521,0.3963791001388428,0.5609228550829127,0.494592645998558,0.9329123914759273,0.9864003399915002
24_headline_isiran,4,news_headlines,0.5773609606264898,0.40490249096188435,0.6250901225666907,0.5075702956020187,0.9329123914759273,0.9864003399915002
24_headline_isiran,5,news_headlines,0.8032065925946152,0.36847768548987014,0.2754145638067772,0.5212689257390051,0.9329123914759273,0.9864003399915002
24_headline_isiran,6,news_headlines,0.7808618542795396,0.32582190908128883,0.2624369142033165,0.5032444124008651,0.9329123914759273,0.9864003399915002
24_headline_isiran,7,news_headlines,0.217742142957273,0.4242551964080088,0.9473684210526315,0.4989185291997116,0.9329123914759273,0.9864003399915002
24_headline_isiran,8,news_headlines,0.7996013445357524,0.3448219043761138,0.25739005046863733,0.4960346070656092,0.9329123914759273,0.9864003399915002
24_headline_isiran,9,news_headlines,0.9380755305041413,0.3932712313374831,0.11679884643114635,0.4974765681326604,0.9329123914759273,0.9864003399915002
24_headline_isiran,10,news_headlines,0.19135816625228186,0.3808316629468065,0.969718817591925,0.49098774333093004,0.9329123914759273,0.9864003399915002
24_headline_isiran,11,news_headlines,0.8032774379750915,0.4106321573250016,0.2609949531362653,0.494592645998558,0.9329123914759273,0.9864003399915002
24_headline_isiran,12,news_headlines,0.4074191303676862,0.3948426760631465,0.7844268204758471,0.5299206921413122,0.9329123914759273,0.9864003399915002
24_headline_isiran,13,news_headlines,0.8604268005565643,0.3665160754414247,0.1925018024513338,0.5277577505407354,0.9329123914759273,0.9864003399915002
24_headline_isiran,14,news_headlines,0.4276488325086867,0.37277074948327926,0.7635183850036049,0.5205479452054794,0.9329123914759273,0.9864003399915002
24_headline_isiran,15,news_headlines,0.42131816968255786,0.40916659668905164,0.768565248738284,0.4808940158615717,0.9329123914759273,0.9864003399915002
26_headline_isfrontpage,0,news_headlines,0.6839337001330554,0.41797042143043495,0.41928385677135427,0.49429885977195437,0.7316254092243446,0.7367888761861556
26_headline_isfrontpage,1,news_headlines,0.7157564753357322,0.3883394934410036,0.3632726545309062,0.504500900180036,0.7316254092243446,0.7367888761861556
26_headline_isfrontpage,2,news_headlines,0.8354263286912715,0.3942901184596739,0.2444488897779556,0.483496699339868,0.7316254092243446,0.7367888761861556
26_headline_isfrontpage,3,news_headlines,0.615117461090553,0.32028242028147935,0.5555111022204441,0.545509101820364,0.7316254092243446,0.7367888761861556
26_headline_isfrontpage,4,news_headlines,0.9189849005870225,0.40048341928373565,0.15263052610522104,0.5067013402680536,0.7316254092243446,0.7367888761861556
26_headline_isfrontpage,5,news_headlines,0.5764431278259601,0.41850130041636224,0.5537107421484296,0.5053010602120425,0.7316254092243446,0.7367888761861556
26_headline_isfrontpage,6,news_headlines,0.4897517676045098,0.4002471205023057,0.6851370274054811,0.5089017803560713,0.7316254092243446,0.7367888761861556
26_headline_isfrontpage,7,news_headlines,0.43399573186125195,0.3556881426862333,0.747749549909982,0.5029005801160232,0.7316254092243446,0.7367888761861556
26_headline_isfrontpage,8,news_headlines,0.44557168323797236,0.42250506642042396,0.7307461492298459,0.5069013802760552,0.7316254092243446,0.7367888761861556
26_headline_isfrontpage,9,news_headlines,0.6762393862031035,0.19727110315503293,0.40168033606721343,0.48269653930786155,0.7316254092243446,0.7367888761861556
26_headline_isfrontpage,10,news_headlines,0.6823551364829761,0.33532019731442664,0.44288857771554313,0.4956991398279656,0.7316254092243446,0.7367888761861556
26_headline_isfrontpage,11,news_headlines,0.4575296123636319,0.41728818294128933,0.719743948789758,0.49329865973194637,0.7316254092243446,0.7367888761861556
26_headline_isfrontpage,12,news_headlines,0.47723938358346785,0.4155341962325463,0.6933386677335467,0.4978995799159832,0.7316254092243446,0.7367888761861556
26_headline_isfrontpage,13,news_headlines,0.7286010642121621,0.42890732821382027,0.35907181436287255,0.48249649929986,0.7316254092243446,0.7367888761861556
26_headline_isfrontpage,14,news_headlines,0.5394258643518219,0.4213489733055982,0.6107221444288857,0.5017003400680136,0.7316254092243446,0.7367888761861556
26_headline_isfrontpage,15,news_headlines,0.7132721286542607,0.4075135657913571,0.35627125425085016,0.5079015803160633,0.7316254092243446,0.7367888761861556
36_sciq_tf,0,other,0.38613657770750565,0.43711393096301077,0.7345469093818764,0.5389077815563112,0.7095928616490083,0.932364949637432
36_sciq_tf,1,other,0.12101874452362171,0.42938124137079847,0.9985997199439888,0.48189637927585516,0.7095928616490083,0.932364949637432
36_sciq_tf,2,other,0.28324237672692854,0.4304790417171527,0.8639727945589117,0.4982996599319864,0.7095928616490083,0.932364949637432
36_sciq_tf,3,other,0.3320060910043028,0.42647555507017265,0.8811762352470494,0.5197039407881576,0.7095928616490083,0.932364949637432
36_sciq_tf,4,other,0.35794762100132393,0.43102766157230143,0.8455691138227646,0.5069013802760552,0.7095928616490083,0.932364949637432
36_sciq_tf,5,other,0.673084197988854,0.4079161123497901,0.4264852970594119,0.4970994198839768,0.7095928616490083,0.932364949637432
36_sciq_tf,6,other,0.3530943274628877,0.4009802992933631,0.8489697939587918,0.500500100020004,0.7095928616490083,0.932364949637432
36_sciq_tf,7,other,0.3496369726891102,0.38691147091942946,0.8575715143028606,0.47309461892378474,0.7095928616490083,0.932364949637432
36_sciq_tf,8,other,0.3627238921322815,0.3848215818002254,0.8439687937587518,0.5173034606921384,0.7095928616490083,0.932364949637432
36_sciq_tf,9,other,0.41547728110201887,0.3761026207257898,0.7727545509101821,0.5091018203640728,0.7095928616490083,0.932364949637432
36_sciq_tf,10,other,0.3418180189515858,0.42176243227963917,0.8697739547909582,0.5113022604520904,0.7095928616490083,0.932364949637432
36_sciq_tf,11,other,0.33121797960236465,0.41584486162583034,0.8719743948789758,0.47789557911582314,0.7095928616490083,0.932364949637432
36_sciq_tf,12,other,0.43362385963110794,0.421736132266036,0.7505501100220044,0.4786957391478296,0.7095928616490083,0.932364949637432
36_sciq_tf,13,other,0.35885685849346416,0.43165177795086795,0.8375675135027005,0.5241048209641929,0.7095928616490083,0.932364949637432
36_sciq_tf,14,other,0.34111598670182897,0.43284446524781717,0.8615723144628926,0.515503100620124,0.7095928616490083,0.932364949637432
36_sciq_tf,15,other,0.37491583074683166,0.4287369803428378,0.8301660332066413,0.5199039807961592,0.7095928616490083,0.932364949637432
41_truthqa_tf,0,other,0.6480211306070869,0.4108995871591312,0.4585987261146497,0.5082802547770701,0.6334693877551021,0.9612244897959183
41_truthqa_tf,1,other,0.9564484407835088,0.3945764472867257,0.08152866242038216,0.5197452229299363,0.6334693877551021,0.9612244897959183
41_truthqa_tf,2,other,0.8445327268749934,0.3917963331521188,0.2,0.5388535031847134,0.6334693877551021,0.9612244897959183
41_truthqa_tf,3,other,0.3545696079408496,0.395523646249599,0.8509554140127389,0.4713375796178344,0.6334693877551021,0.9612244897959183
41_truthqa_tf,4,other,0.5864868800520766,0.38095269151996636,0.510828025477707,0.4942675159235669,0.6334693877551021,0.9612244897959183
41_truthqa_tf,5,other,0.3650631435834788,0.10178935172703829,0.8535031847133758,0.5528662420382165,0.6334693877551021,0.9612244897959183
41_truthqa_tf,6,other,0.9785466974015016,0.4197505618051549,0.024203821656050957,0.5031847133757962,0.6334693877551021,0.9612244897959183
41_truthqa_tf,7,other,0.6004142233749783,0.4074369125180386,0.5312101910828025,0.5044585987261146,0.6334693877551021,0.9612244897959183
41_truthqa_tf,8,other,0.5404179861221603,0.43858942201471285,0.597452229299363,0.46878980891719746,0.6334693877551021,0.9612244897959183
41_truthqa_tf,9,other,0.39823191698578975,0.417262479636203,0.7528662420382166,0.48280254777070064,0.6334693877551021,0.9612244897959183
41_truthqa_tf,10,other,0.6544393464222487,0.4332223729394695,0.4484076433121019,0.49171974522292994,0.6334693877551021,0.9612244897959183
41_truthqa_tf,11,other,0.3573189230363565,0.4341102739995035,0.8547770700636943,0.4968152866242038,0.6334693877551021,0.9612244897959183
41_truthqa_tf,12,other,0.44630218194486804,0.42125805205499467,0.7490445859872611,0.5222929936305732,0.6334693877551021,0.9612244897959183
41_truthqa_tf,13,other,0.4141421790342279,0.4169381317115437,0.7745222929936306,0.5044585987261146,0.6334693877551021,0.9612244897959183
41_truthqa_tf,14,other,0.46149673720228,0.3968179942425325,0.7184713375796178,0.5082802547770701,0.6334693877551021,0.9612244897959183
41_truthqa_tf,15,other,0.9072705369671885,0.42683527480902295,0.12229299363057325,0.5070063694267516,0.6334693877551021,0.9612244897959183
42_temp_sense,0,temporal_reasoning,0.5696957629134958,0.42552977123805413,0.617633828160144,0.47863247863247865,0.6823567056204786,0.9201085141903173
42_temp_sense,1,temporal_reasoning,0.26527384050430425,0.4042787784804065,0.9563652721547459,0.47188484030589295,0.6823567056204786,0.9201085141903173
42_temp_sense,2,temporal_reasoning,0.3251379717998826,0.3291028622917669,0.8906882591093117,0.50787224471435,0.6823567056204786,0.9201085141903173
42_temp_sense,3,temporal_reasoning,0.3160574309806661,0.4064949726461209,0.918578497525866,0.49302744039586144,0.6823567056204786,0.9201085141903173
42_temp_sense,4,temporal_reasoning,0.8870174979703307,0.4420814279013474,0.14304993252361672,0.4903283850652272,0.6823567056204786,0.9201085141903173
42_temp_sense,5,temporal_reasoning,0.31243065345741017,0.4253930877616434,0.9307242465137202,0.4903283850652272,0.6823567056204786,0.9201085141903173
42_temp_sense,6,temporal_reasoning,0.8926704917097015,0.3799386172803667,0.13540260908681961,0.5060728744939271,0.6823567056204786,0.9201085141903173
42_temp_sense,7,temporal_reasoning,0.7720712045793932,0.426330285709859,0.32298695456590193,0.47638326585695007,0.6823567056204786,0.9201085141903173
42_temp_sense,8,temporal_reasoning,0.2962022234042099,0.37562305364479,0.9433198380566802,0.5150697255960414,0.6823567056204786,0.9201085141903173
42_temp_sense,9,temporal_reasoning,0.25394061627782927,0.3964854504012503,0.9653621232568601,0.49302744039586144,0.6823567056204786,0.9201085141903173
42_temp_sense,10,temporal_reasoning,0.5357151702415055,0.44337523503980325,0.6513720197930725,0.4705353126405758,0.6823567056204786,0.9201085141903173
42_temp_sense,11,temporal_reasoning,0.7907702722689756,0.4285470502510109,0.29104813315339634,0.5119208277103013,0.6823567056204786,0.9201085141903173
42_temp_sense,12,temporal_reasoning,0.25329959766577903,0.4340868858937188,0.9581646423751687,0.5267656320287899,0.6823567056204786,0.9201085141903173
42_temp_sense,13,temporal_reasoning,0.27842267532124376,0.40594049423736167,0.9352226720647774,0.5236167341430499,0.6823567056204786,0.9201085141903173
42_temp_sense,14,temporal_reasoning,0.21575566124529288,0.41460001179074335,0.9680611785874944,0.5029239766081871,0.6823567056204786,0.9201085141903173
42_temp_sense,15,temporal_reasoning,0.28268160167192935,0.43541962448830485,0.9293747188484031,0.5096716149347729,0.6823567056204786,0.9201085141903173
44_phys_tf,0,other,0.3126945294535326,0.4290290107563728,0.8183636727345469,0.47309461892378474,0.5955420494785523,0.7997220869251747
44_phys_tf,1,other,0.33695357670728976,0.3552025514081476,0.8217643528705741,0.48209641928385677,0.5955420494785523,0.7997220869251747
44_phys_tf,2,other,0.1237904446816398,0.4232285778388476,0.988997799559912,0.48469693938787756,0.5955420494785523,0.7997220869251747
44_phys_tf,3,other,0.8536760489409421,0.1798222147045596,0.1916383276655331,0.45509101820364073,0.5955420494785523,0.7997220869251747
44_phys_tf,4,other,0.7785406603069871,0.3847420243911044,0.2758551710342068,0.5093018603720744,0.5955420494785523,0.7997220869251747
44_phys_tf,5,other,0.3593431089602561,0.3621318340806503,0.8079615923184637,0.45989197839567914,0.5955420494785523,0.7997220869251747
44_phys_tf,6,other,0.8554256986642683,0.3906385549828424,0.1896379275855171,0.5419083816763353,0.5955420494785523,0.7997220869251747
44_phys_tf,7,other,0.8600124487227632,0.35635855673896555,0.1850370074014803,0.4852970594118824,0.5955420494785523,0.7997220869251747
44_phys_tf,8,other,0.8521726900833391,0.30266532808386204,0.1946389277855571,0.5091018203640728,0.5955420494785523,0.7997220869251747
44_phys_tf,9,other,0.16980367640809102,0.39497243863375764,0.9671934386877376,0.45829165833166635,0.5955420494785523,0.7997220869251747
44_phys_tf,10,other,0.47125383349051964,0.35226661245852786,0.6991398279655932,0.4966993398679736,0.5955420494785523,0.7997220869251747
44_phys_tf,11,other,0.12846854081080483,0.4457741064233838,0.9841968393678736,0.5441088217643528,0.5955420494785523,0.7997220869251747
44_phys_tf,12,other,0.8618594726148925,0.4518059410162478,0.1828365673134627,0.46609321864372877,0.5955420494785523,0.7997220869251747
44_phys_tf,13,other,0.8520513623698371,0.4343645399105531,0.19103820764152832,0.5061012202440488,0.5955420494785523,0.7997220869251747
44_phys_tf,14,other,0.8445729856976907,0.4002625806938891,0.20004000800160032,0.50250050010002,0.5955420494785523,0.7997220869251747
44_phys_tf,15,other,0.846198869602762,0.37842247696140263,0.20164032806561313,0.480496099219844,0.5955420494785523,0.7997220869251747
47_reasoning_tf,0,other,0.6222181644750389,0.339914916395069,0.48534322820037107,0.5061224489795918,0.5386370799071712,0.7010500530040398
47_reasoning_tf,1,other,0.621687193737573,0.4070030897498196,0.47829313543599256,0.5076066790352505,0.5386370799071712,0.7010500530040398
47_reasoning_tf,2,other,0.6528263081527843,0.403942625730757,0.43896103896103894,0.49795918367346936,0.5386370799071712,0.7010500530040398
47_reasoning_tf,3,other,0.7046725257613247,0.43947746580537705,0.3743970315398887,0.5176252319109462,0.5386370799071712,0.7010500530040398
47_reasoning_tf,4,other,0.6483900517242893,0.4061169323504792,0.44341372912801486,0.48794063079777367,0.5386370799071712,0.7010500530040398
47_reasoning_tf,5,other,0.591553797808178,0.3865314088823535,0.5246753246753246,0.5439703153988869,0.5386370799071712,0.7010500530040398
47_reasoning_tf,6,other,0.6999148718242469,0.4372832841529224,0.37662337662337664,0.49536178107606677,0.5386370799071712,0.7010500530040398
47_reasoning_tf,7,other,0.553429527112203,0.27506183518540106,0.5781076066790353,0.4883116883116883,0.5386370799071712,0.7010500530040398
47_reasoning_tf,8,other,0.7362450696012119,0.2680684071217063,0.33098330241187385,0.5165120593692022,0.5386370799071712,0.7010500530040398
47_reasoning_tf,9,other,0.8283866317815198,0.392496869990935,0.2025974025974026,0.5291280148423005,0.5386370799071712,0.7010500530040398
47_reasoning_tf,10,other,0.5900956913250861,0.31261665579128506,0.5298701298701298,0.47606679035250465,0.5386370799071712,0.7010500530040398
47_reasoning_tf,11,other,0.6516441975892266,0.3385334028513345,0.43896103896103894,0.49424860853432284,0.5386370799071712,0.7010500530040398
47_reasoning_tf,12,other,0.6772821297012006,0.3616743902335928,0.3981447124304267,0.45380333951762525,0.5386370799071712,0.7010500530040398
47_reasoning_tf,13,other,0.1432174555994039,0.2785968090570039,0.9380333951762523,0.46530612244897956,0.5386370799071712,0.7010500530040398
47_reasoning_tf,14,other,0.8670836822918879,0.4319738191662643,0.1424860853432282,0.522077922077922,0.5386370799071712,0.7010500530040398
47_reasoning_tf,15,other,0.6263842173467338,0.16220231867038604,0.48126159554730985,0.49387755102040815,0.5386370799071712,0.7010500530040398
48_cm_correct,0,ethics_categories,0.5668626230982874,0.42616515683374767,0.6079215843168634,0.5083016603320664,0.709523370722574,0.8030330954018019
48_cm_correct,1,ethics_categories,0.5338015372022766,0.41334937671773475,0.6511302260452091,0.5193038607721544,0.709523370722574,0.8030330954018019
48_cm_correct,2,ethics_categories,0.6764875896399654,0.4344767375082974,0.4366873374674935,0.5293058611722344,0.709523370722574,0.8030330954018019
48_cm_correct,3,ethics_categories,0.5332718796380076,0.40465435542495976,0.655131026205241,0.4898979795959192,0.709523370722574,0.8030330954018019
48_cm_correct,4,ethics_categories,0.7140250932974694,0.3995532597965219,0.3850770154030806,0.5043008601720345,0.709523370722574,0.8030330954018019
48_cm_correct,5,ethics_categories,0.5749028033074441,0.4204425782811321,0.5837167433486697,0.4902980596119224,0.709523370722574,0.8030330954018019
48_cm_correct,6,ethics_categories,0.5141088274935848,0.4148792803640562,0.6731346269253851,0.49529905981196237,0.709523370722574,0.8030330954018019
48_cm_correct,7,ethics_categories,0.7574770791924073,0.39982193851644765,0.3194638927785557,0.5053010602120425,0.709523370722574,0.8030330954018019
48_cm_correct,8,ethics_categories,0.5326524136600368,0.408330224236676,0.6463292658531706,0.4912982596519304,0.709523370722574,0.8030330954018019
48_cm_correct,9,ethics_categories,0.6763942480087166,0.4191479178638593,0.43148629725945187,0.5059011802360472,0.709523370722574,0.8030330954018019
48_cm_correct,10,ethics_categories,0.5758535898044268,0.41212028956485636,0.5779155831166233,0.5149029805961193,0.709523370722574,0.8030330954018019
48_cm_correct,11,ethics_categories,0.8360860927825742,0.42439234531494785,0.22144428885777157,0.4966993398679736,0.709523370722574,0.8030330954018019
48_cm_correct,12,ethics_categories,0.6079040949916421,0.39302905555537015,0.5373074614922985,0.4990998199639928,0.709523370722574,0.8030330954018019
48_cm_correct,13,ethics_categories,0.8071499183080852,0.39540130866350665,0.25265053010602123,0.5053010602120425,0.709523370722574,0.8030330954018019
48_cm_correct,14,ethics_categories,0.8359247263546472,0.3961406286724074,0.21324264852970595,0.4896979395879176,0.709523370722574,0.8030330954018019
48_cm_correct,15,ethics_categories,0.5459410956102557,0.3475750832079234,0.659131826365273,0.5125025005001,0.709523370722574,0.8030330954018019
49_cm_isshort,0,ethics_categories,0.5524857123827542,0.32915903983896855,0.5631126225245049,0.5727145429085817,0.9990932003698082,0.999999240536323
49_cm_isshort,1,ethics_categories,0.5066729661653042,0.386481665465344,0.6783356671334266,0.5351070214042809,0.9990932003698082,0.999999240536323
49_cm_isshort,2,ethics_categories,0.6127934631401388,0.30391327902880083,0.46409281856371276,0.46109221844368875,0.9990932003698082,0.999999240536323
49_cm_isshort,3,ethics_categories,0.5629617921332242,0.3132697307703607,0.5959191838367673,0.45829165833166635,0.9990932003698082,0.999999240536323
49_cm_isshort,4,ethics_categories,0.5276975020536145,0.298049073314284,0.6593318663732747,0.4746949389877976,0.9990932003698082,0.999999240536323
49_cm_isshort,5,ethics_categories,0.5262929745911396,0.4136520007534912,0.6573314662932587,0.4982996599319864,0.9990932003698082,0.999999240536323
49_cm_isshort,6,ethics_categories,0.5547130041813835,0.35366789753094396,0.6425285057011402,0.46849369873974794,0.9990932003698082,0.999999240536323
49_cm_isshort,7,ethics_categories,0.5816442969736197,0.2526574174307805,0.6097219443888777,0.4346869373874775,0.9990932003698082,0.999999240536323
49_cm_isshort,8,ethics_categories,0.559440858409086,0.3385472450672693,0.6129225845169034,0.48869773954790957,0.9990932003698082,0.999999240536323
49_cm_isshort,9,ethics_categories,0.5570730120989815,0.25227580585907816,0.6387277455491098,0.4270854170834167,0.9990932003698082,0.999999240536323
49_cm_isshort,10,ethics_categories,0.638464059338697,0.3800671245171692,0.46969393878775756,0.5337067413482697,0.9990932003698082,0.999999240536323
49_cm_isshort,11,ethics_categories,0.5948665968601148,0.2785015872640624,0.5133026605321064,0.48849769953990796,0.9990932003698082,0.999999240536323
49_cm_isshort,12,ethics_categories,0.5866363952284299,0.1766099702708981,0.5991198239647929,0.4556911382276455,0.9990932003698082,0.999999240536323
49_cm_isshort,13,ethics_categories,0.5259561612430756,0.4117390780181005,0.6553310662132427,0.5057011402280456,0.9990932003698082,0.999999240536323
49_cm_isshort,14,ethics_categories,0.5975191723480824,0.4031783169570349,0.5109021804360873,0.5063012602520504,0.9990932003698082,0.999999240536323
49_cm_isshort,15,ethics_categories,0.5876823022202884,0.43653011476226555,0.6011202240448089,0.5417083416683337,0.9990932003698082,0.999999240536323
50_deon_isvalid,0,ethics_categories,0.608428557612366,0.4042045477723366,0.5109021804360873,0.5271054210842169,0.6923241765641661,0.8831511970666474
50_deon_isvalid,1,ethics_categories,0.8317851471727591,0.42789362924092766,0.22084416883376676,0.46889377875575117,0.6923241765641661,0.8831511970666474
50_deon_isvalid,2,ethics_categories,0.9641140347773338,0.3713182539052864,0.0592118423684737,0.49749949989998,0.6923241765641661,0.8831511970666474
50_deon_isvalid,3,ethics_categories,0.5144395614250405,0.37974938703019,0.6247249449889978,0.5003000600120024,0.6923241765641661,0.8831511970666474
50_deon_isvalid,4,ethics_categories,0.6755185387919889,0.4276382560079355,0.4194838967793559,0.4936987397479496,0.6923241765641661,0.8831511970666474
50_deon_isvalid,5,ethics_categories,0.744370322881934,0.4218693397529898,0.34666933386677334,0.48109621924384877,0.6923241765641661,0.8831511970666474
50_deon_isvalid,6,ethics_categories,0.5384566539035374,0.4258589533733219,0.5905181036207241,0.4986997399479896,0.6923241765641661,0.8831511970666474
50_deon_isvalid,7,ethics_categories,0.8539762525900263,0.42288337296198986,0.1858371674334867,0.4940988197639528,0.6923241765641661,0.8831511970666474
50_deon_isvalid,8,ethics_categories,0.8698500712169197,0.36227674932126486,0.17043408681736347,0.4606921384276855,0.6923241765641661,0.8831511970666474
50_deon_isvalid,9,ethics_categories,0.6994631770961306,0.4164115882292787,0.42108421684336866,0.5041008201640328,0.6923241765641661,0.8831511970666474
50_deon_isvalid,10,ethics_categories,0.5605992772566268,0.41972375681041174,0.6737347469493898,0.4992998599719944,0.6923241765641661,0.8831511970666474
50_deon_isvalid,11,ethics_categories,0.8479056472762301,0.4115973203433867,0.21224244848969795,0.5143028605721144,0.6923241765641661,0.8831511970666474
50_deon_isvalid,12,ethics_categories,0.8227496798597276,0.4028716381827413,0.22444488897779555,0.503500700140028,0.6923241765641661,0.8831511970666474
50_deon_isvalid,13,ethics_categories,0.8518525722588015,0.37972545693547355,0.20204040808161633,0.5047009401880376,0.6923241765641661,0.8831511970666474
50_deon_isvalid,14,ethics_categories,0.9190948512649719,0.41910523106611786,0.10062012402480495,0.47909581916383276,0.6923241765641661,0.8831511970666474
50_deon_isvalid,15,ethics_categories,0.6595257991740746,0.417820569447068,0.47509501900380074,0.5221044208841769,0.6923241765641661,0.8831511970666474
51_just_is,0,ethics_categories,0.5908378872313755,0.3150989944513014,0.6265253050610122,0.5053010602120425,0.7187171848402949,0.8632814754657789
51_just_is,1,ethics_categories,0.5930328672654224,0.40624636414583026,0.5655131026205241,0.5127025405081016,0.7187171848402949,0.8632814754657789
51_just_is,2,ethics_categories,0.5886274149049016,0.2741311692670725,0.5721144228845769,0.515503100620124,0.7187171848402949,0.8632814754657789
51_just_is,3,ethics_categories,0.5361419715714932,0.4127740812014735,0.6437287457491498,0.5257051410282056,0.7187171848402949,0.8632814754657789
51_just_is,4,ethics_categories,0.5674978136196365,0.4222544597993585,0.6005201040208041,0.4902980596119224,0.7187171848402949,0.8632814754657789
51_just_is,5,ethics_categories,0.7021198331383514,0.4117033293295207,0.39827965593118625,0.5131026205241048,0.7187171848402949,0.8632814754657789
51_just_is,6,ethics_categories,0.7517929856060392,0.39005764424545086,0.32406481296259254,0.48069613922784554,0.7187171848402949,0.8632814754657789
51_just_is,7,ethics_categories,0.48493689086208946,0.43243196181267063,0.7239447889577916,0.4912982596519304,0.7187171848402949,0.8632814754657789
51_just_is,8,ethics_categories,0.8310952108627283,0.4171367261650174,0.21604320864172835,0.4960992198439688,0.7187171848402949,0.8632814754657789
51_just_is,9,ethics_categories,0.7493292152166011,0.4296853095780748,0.3184636927385477,0.5179035807161432,0.7187171848402949,0.8632814754657789
51_just_is,10,ethics_categories,0.6239873351918948,0.25330118465212204,0.5079015803160633,0.4364872974594919,0.7187171848402949,0.8632814754657789
51_just_is,11,ethics_categories,0.566956329079048,0.4158996195759064,0.5929185837167433,0.5029005801160232,0.7187171848402949,0.8632814754657789
51_just_is,12,ethics_categories,0.7137264943744519,0.3550749764281389,0.3754750950190038,0.5111022204440888,0.7187171848402949,0.8632814754657789
51_just_is,13,ethics_categories,0.48225841163244687,0.4262245747768758,0.7245449089817964,0.510502100420084,0.7187171848402949,0.8632814754657789
51_just_is,14,ethics_categories,0.47241844996115856,0.4253753658336965,0.7317463492698539,0.4860972194438888,0.7187171848402949,0.8632814754657789
51_just_is,15,ethics_categories,0.7870468884338238,0.4293935267944784,0.267253450690138,0.5225045009001801,0.7187171848402949,0.8632814754657789
52_virtue_is,0,ethics_categories,0.17170908665871476,0.4249513937580258,0.9902671360530131,0.5114930627459101,0.7742064801108217,0.9615010998738502
52_virtue_is,1,ethics_categories,0.38663046594181383,0.4273344151855556,0.7392834955477324,0.4858148685027956,0.7742064801108217,0.9615010998738502
52_virtue_is,2,ethics_categories,0.14806865866421925,0.3985903758060494,0.9939946158624974,0.5135638848622903,0.7742064801108217,0.9615010998738502
52_virtue_is,3,ethics_categories,0.17348907054518503,0.3806813357181791,0.9906813004762891,0.4959618968730586,0.7742064801108217,0.9615010998738502
52_virtue_is,4,ethics_categories,0.20501116205129688,0.36170341901634795,0.9741147235452474,0.49658314350797267,0.7742064801108217,0.9615010998738502
52_virtue_is,5,ethics_categories,0.14775802019903828,0.39689630704584,0.9950300269206875,0.5183267757299648,0.7742064801108217,0.9615010998738502
52_virtue_is,6,ethics_categories,0.21078957356588335,0.3047749295524689,0.969351832677573,0.5023814454338372,0.7742064801108217,0.9615010998738502
52_virtue_is,7,ethics_categories,0.291285704093299,0.4012124478178647,0.8332988196313936,0.47815282667218884,0.7742064801108217,0.9615010998738502
52_virtue_is,8,ethics_categories,0.18647458038469011,0.41881806140592515,0.9819838475874922,0.5025885276454752,0.7742064801108217,0.9615010998738502
52_virtue_is,9,ethics_categories,0.17477181837289568,0.35415051391256314,0.9890246427831849,0.5187409401532408,0.7742064801108217,0.9615010998738502
52_virtue_is,10,ethics_categories,0.17933369653518438,0.4204521926216711,0.9865396562435287,0.4868502795609857,0.7742064801108217,0.9615010998738502
52_virtue_is,11,ethics_categories,0.22068571851927454,0.3729349481776649,0.9679022571961069,0.520604680057983,0.7742064801108217,0.9615010998738502
52_virtue_is,12,ethics_categories,0.4070596693626718,0.42751376781800765,0.7160902878442742,0.46593497618554564,0.7742064801108217,0.9615010998738502
52_virtue_is,13,ethics_categories,0.22336090519473473,0.4232629496739766,0.9683164216193829,0.5179126113066888,0.7742064801108217,0.9615010998738502
52_virtue_is,14,ethics_categories,0.8613529917881952,0.41582454444620587,0.20356181404017396,0.5013460343756472,0.7742064801108217,0.9615010998738502
52_virtue_is,15,ethics_categories,0.20487165309901179,0.3963467586883789,0.9780492855663698,0.5181196935183268,0.7742064801108217,0.9615010998738502
54_cs_tf,0,other,0.6170953292590269,0.40277028299810613,0.5011002200440088,0.5167033406681336,0.596176454803304,0.6845466356265425
54_cs_tf,1,other,0.6096544455934509,0.41999228247992515,0.5137027405481096,0.4950990198039608,0.596176454803304,0.6845466356265425
54_cs_tf,2,other,0.59775234087396,0.4120803489865774,0.5261052210442089,0.499499899979996,0.596176454803304,0.6845466356265425
54_cs_tf,3,other,0.6063697834483266,0.4143415972014266,0.5093018603720744,0.5041008201640328,0.596176454803304,0.6845466356265425
54_cs_tf,4,other,0.6124325164029429,0.4069536233878104,0.510502100420084,0.47329465893178635,0.596176454803304,0.6845466356265425
54_cs_tf,5,other,0.6219859400368197,0.385502862570519,0.4936987397479496,0.5257051410282056,0.596176454803304,0.6845466356265425
54_cs_tf,6,other,0.623719574443024,0.3858532588492001,0.4870974194838968,0.47229445889177835,0.596176454803304,0.6845466356265425
54_cs_tf,7,other,0.6302991474435391,0.42221769417220667,0.4786957391478296,0.5061012202440488,0.596176454803304,0.6845466356265425
54_cs_tf,8,other,0.6604724959855215,0.4093139952200697,0.4354870974194839,0.498499699939988,0.596176454803304,0.6845466356265425
54_cs_tf,9,other,0.6578705205956401,0.42092916102545797,0.4326865373074615,0.5069013802760552,0.596176454803304,0.6845466356265425
54_cs_tf,10,other,0.654538054915627,0.41880801830619707,0.4432886577315463,0.48849769953990796,0.596176454803304,0.6845466356265425
54_cs_tf,11,other,0.7216094747298971,0.42372488615789017,0.3834766953390678,0.5117023404680936,0.596176454803304,0.6845466356265425
54_cs_tf,12,other,0.6712438096694358,0.4002080151523928,0.4196839367873575,0.4982996599319864,0.596176454803304,0.6845466356265425
54_cs_tf,13,other,0.6968489431620579,0.4159147722783083,0.4194838967793559,0.4902980596119224,0.596176454803304,0.6845466356265425
54_cs_tf,14,other,0.6783173037445318,0.4029797706378184,0.40748149629925984,0.4872974594918984,0.596176454803304,0.6845466356265425
54_cs_tf,15,other,0.6383189586974958,0.4102019352140651,0.46089217843568714,0.5059011802360472,0.596176454803304,0.6845466356265425
56_wikidatasex_or_gender,0,wikidata_person,0.7083484136717784,0.3907009189612778,0.4242848569713943,0.5199039807961592,0.8483667480474189,0.9986696727926694
56_wikidatasex_or_gender,1,wikidata_person,0.5226292049785017,0.4033153768522113,0.6365273054610923,0.48589717943588717,0.8483667480474189,0.9986696727926694
56_wikidatasex_or_gender,2,wikidata_person,0.47814158851377764,0.40059526646637944,0.6865373074614923,0.4880976195239048,0.8483667480474189,0.9986696727926694
56_wikidatasex_or_gender,3,wikidata_person,0.4641901007941669,0.4159742749998254,0.7075415083016603,0.4978995799159832,0.8483667480474189,0.9986696727926694
56_wikidatasex_or_gender,4,wikidata_person,0.5629622119038618,0.3540305435420277,0.5753150630126025,0.4890978195639128,0.8483667480474189,0.9986696727926694
56_wikidatasex_or_gender,5,wikidata_person,0.5017713998304649,0.4110726054224938,0.659131826365273,0.5087017403480696,0.8483667480474189,0.9986696727926694
56_wikidatasex_or_gender,6,wikidata_person,0.4818639651782326,0.4124084251524378,0.6855371074214843,0.4900980196039208,0.8483667480474189,0.9986696727926694
56_wikidatasex_or_gender,7,wikidata_person,0.8388345458152553,0.4188889996800387,0.2488497699539908,0.4930986197239448,0.8483667480474189,0.9986696727926694
56_wikidatasex_or_gender,8,wikidata_person,0.6269896365021519,0.3852285140529845,0.535507101420284,0.4910982196439288,0.8483667480474189,0.9986696727926694
56_wikidatasex_or_gender,9,wikidata_person,0.54253504243959,0.4165725536719409,0.5929185837167433,0.4776955391078216,0.8483667480474189,0.9986696727926694
56_wikidatasex_or_gender,10,wikidata_person,0.48391671358392196,0.42100952753743726,0.6741348269653931,0.5137027405481096,0.8483667480474189,0.9986696727926694
56_wikidatasex_or_gender,11,wikidata_person,0.5572538251751502,0.41503110547915245,0.579115823164633,0.5031006201240248,0.8483667480474189,0.9986696727926694
56_wikidatasex_or_gender,12,wikidata_person,0.7357961559229542,0.3781261710219539,0.33326665333066613,0.506501300260052,0.8483667480474189,0.9986696727926694
56_wikidatasex_or_gender,13,wikidata_person,0.798847244679558,0.40962694555378043,0.29245849169833965,0.5037007401480296,0.8483667480474189,0.9986696727926694
56_wikidatasex_or_gender,14,wikidata_person,0.6883315965200036,0.39946920737748104,0.40288057611522304,0.5049009801960392,0.8483667480474189,0.9986696727926694
56_wikidatasex_or_gender,15,wikidata_person,0.4509305376021344,0.3774773862204803,0.717743548709742,0.5109021804360873,0.8483667480474189,0.9986696727926694
57_wikidatais_alive,0,wikidata_person,0.6550812355759521,0.41086292273713076,0.49749949989998,0.4850970194038808,0.8769495432585448,0.9886893074602623
57_wikidatais_alive,1,wikidata_person,0.673042247077067,0.42508356412245285,0.4708941788357672,0.48669733946789356,0.8769495432585448,0.9886893074602623
57_wikidatais_alive,2,wikidata_person,0.8536247691183159,0.41132161936104716,0.22624524904980997,0.4868973794758952,0.8769495432585448,0.9886893074602623
57_wikidatais_alive,3,wikidata_person,0.5324981021612132,0.4287138891466076,0.6213242648529705,0.506501300260052,0.8769495432585448,0.9886893074602623
57_wikidatais_alive,4,wikidata_person,0.5674549905608537,0.4250760800769733,0.5683136627325465,0.48589717943588717,0.8769495432585448,0.9886893074602623
57_wikidatais_alive,5,wikidata_person,0.4863504384564976,0.4272560814718398,0.6851370274054811,0.46849369873974794,0.8769495432585448,0.9886893074602623
57_wikidatais_alive,6,wikidata_person,0.5606384962124629,0.42601045061256104,0.5735147029405882,0.48749749949989996,0.8769495432585448,0.9886893074602623
57_wikidatais_alive,7,wikidata_person,0.47717409286780055,0.4203552050371766,0.6849369873974795,0.498499699939988,0.8769495432585448,0.9886893074602623
57_wikidatais_alive,8,wikidata_person,0.4635790644397102,0.41417396316252697,0.7059411882376475,0.5057011402280456,0.8769495432585448,0.9886893074602623
57_wikidatais_alive,9,wikidata_person,0.45217900879993955,0.4268734639919254,0.7163432686537308,0.48189637927585516,0.8769495432585448,0.9886893074602623
57_wikidatais_alive,10,wikidata_person,0.903922815878685,0.4175339102772757,0.1268253650730146,0.4896979395879176,0.8769495432585448,0.9886893074602623
57_wikidatais_alive,11,wikidata_person,0.5038626504401391,0.42904715758725875,0.6557311462292459,0.48869773954790957,0.8769495432585448,0.9886893074602623
57_wikidatais_alive,12,wikidata_person,0.48137831487991756,0.41827990238310164,0.6767353470694139,0.4940988197639528,0.8769495432585448,0.9886893074602623
57_wikidatais_alive,13,wikidata_person,0.5468400501077129,0.34080632996169324,0.5829165833166633,0.4860972194438888,0.8769495432585448,0.9886893074602623
57_wikidatais_alive,14,wikidata_person,0.9026887558300372,0.40874625646923324,0.126625325065013,0.4970994198839768,0.8769495432585448,0.9886893074602623
57_wikidatais_alive,15,wikidata_person,0.6088457477708566,0.417643365218646,0.500500100020004,0.5129025805161033,0.8769495432585448,0.9886893074602623
58_wikidatapolitical_party,0,wikidata_person,0.8847745723513674,0.4145209457560881,0.17239079693231077,0.5045015005001667,0.6080688628281012,0.9631105177017831
58_wikidatapolitical_party,1,wikidata_person,0.952900399573972,0.41448747946172193,0.06035345115038346,0.5001667222407469,0.6080688628281012,0.9631105177017831
58_wikidatapolitical_party,2,wikidata_person,0.9185798451049723,0.4210165073427947,0.10936978992997666,0.490163387795932,0.6080688628281012,0.9631105177017831
58_wikidatapolitical_party,3,wikidata_person,0.8788118894653314,0.352218779434905,0.17739246415471824,0.48749583194398133,0.6080688628281012,0.9631105177017831
58_wikidatapolitical_party,4,wikidata_person,0.6026944874503257,0.4025527797392947,0.5161720573524509,0.5098366122040681,0.6080688628281012,0.9631105177017831
58_wikidatapolitical_party,5,wikidata_person,0.9340298888944234,0.40546912391928824,0.08802934311437145,0.5165055018339446,0.6080688628281012,0.9631105177017831
58_wikidatapolitical_party,6,wikidata_person,0.9628370925372873,0.40795509222617987,0.050016672224074694,0.5045015005001667,0.6080688628281012,0.9631105177017831
58_wikidatapolitical_party,7,wikidata_person,0.9415531558538339,0.41571373791195976,0.06868956318772924,0.5075025008336113,0.6080688628281012,0.9631105177017831
58_wikidatapolitical_party,8,wikidata_person,0.52093717571599,0.42383481440391835,0.6108702900966989,0.5068356118706235,0.6080688628281012,0.9631105177017831
58_wikidatapolitical_party,9,wikidata_person,0.839522795196175,0.40682678425627783,0.22340780260086696,0.48549516505501833,0.6080688628281012,0.9631105177017831
58_wikidatapolitical_party,10,wikidata_person,0.7006205383865884,0.4181561686248265,0.3797932644214738,0.507835945315105,0.6080688628281012,0.9631105177017831
58_wikidatapolitical_party,11,wikidata_person,0.9618152677191767,0.39575451713098175,0.056685561853951315,0.5081693897965989,0.6080688628281012,0.9631105177017831
58_wikidatapolitical_party,12,wikidata_person,0.8074693007346581,0.4023707193647097,0.26075358452817604,0.48982994331443813,0.6080688628281012,0.9631105177017831
58_wikidatapolitical_party,13,wikidata_person,0.9788777062444836,0.4223989198545923,0.030010003334444816,0.49416472157385793,0.6080688628281012,0.9631105177017831
58_wikidatapolitical_party,14,wikidata_person,0.9122617951156389,0.40664650776231426,0.12604201400466822,0.5175058352784262,0.6080688628281012,0.9631105177017831
58_wikidatapolitical_party,15,wikidata_person,0.4760111892764216,0.4075315099627428,0.6768922974324775,0.4988329443147716,0.6080688628281012,0.9631105177017831
59_wikidata_occupation_isjournalist,0,wikidata_person,0.6658761368570953,0.4157858702594588,0.4832416208104052,0.4957478739369685,0.8450870165280912,0.946498300063958
59_wikidata_occupation_isjournalist,1,wikidata_person,0.6635355905677398,0.4159440152049003,0.4732366183091546,0.4992496248124062,0.8450870165280912,0.946498300063958
59_wikidata_occupation_isjournalist,2,wikidata_person,0.9168998565222344,0.40852969862177857,0.135567783891946,0.5102551275637819,0.8450870165280912,0.946498300063958
59_wikidata_occupation_isjournalist,3,wikidata_person,0.8556905620628692,0.4169864277573341,0.19609804902451225,0.5182591295647824,0.8450870165280912,0.946498300063958
59_wikidata_occupation_isjournalist,4,wikidata_person,0.8715643307654852,0.43865001861450303,0.17508754377188596,0.512256128064032,0.8450870165280912,0.946498300063958
59_wikidata_occupation_isjournalist,5,wikidata_person,0.9161908567468211,0.42179839805803776,0.12356178089044523,0.4827413706853427,0.8450870165280912,0.946498300063958
59_wikidata_occupation_isjournalist,6,wikidata_person,0.4410536022513387,0.4373470752023978,0.7328664332166083,0.4947473736868434,0.8450870165280912,0.946498300063958
59_wikidata_occupation_isjournalist,7,wikidata_person,0.45803726380083765,0.4086580609468522,0.7123561780890445,0.496248124062031,0.8450870165280912,0.946498300063958
59_wikidata_occupation_isjournalist,8,wikidata_person,0.9283541749234909,0.38096432129757174,0.09104552276138068,0.47073536768384194,0.8450870165280912,0.946498300063958
59_wikidata_occupation_isjournalist,9,wikidata_person,0.4751507231839087,0.42029182285135724,0.6908454227113556,0.4932466233116558,0.8450870165280912,0.946498300063958
59_wikidata_occupation_isjournalist,10,wikidata_person,0.6858429544009663,0.42115186364470203,0.4137068534267134,0.5057528764382191,0.8450870165280912,0.946498300063958
59_wikidata_occupation_isjournalist,11,wikidata_person,0.4499239150662986,0.41094747076592864,0.7108554277138569,0.4927463731865933,0.8450870165280912,0.946498300063958
59_wikidata_occupation_isjournalist,12,wikidata_person,0.7330774269697597,0.42228277336495235,0.34667333666833416,0.503751875937969,0.8450870165280912,0.946498300063958
59_wikidata_occupation_isjournalist,13,wikidata_person,0.5158943096287774,0.42084686147837647,0.6208104052026013,0.4852426213106553,0.8450870165280912,0.946498300063958
59_wikidata_occupation_isjournalist,14,wikidata_person,0.7416652271030284,0.4141231387195765,0.3341670835417709,0.48874437218609307,0.8450870165280912,0.946498300063958
59_wikidata_occupation_isjournalist,15,wikidata_person,0.894680666139317,0.4316951131990603,0.1360680340170085,0.48724362181090547,0.8450870165280912,0.946498300063958
60_wikidata_occupation_isathlete,0,wikidata_person,0.8748086920249794,0.43016735085744306,0.17708854427213608,0.4817408704352176,0.8860285454606659,0.9621133066280675
60_wikidata_occupation_isathlete,1,wikidata_person,0.8245390822488956,0.40331187105630395,0.21660830415207605,0.46673336668334164,0.8860285454606659,0.9621133066280675
60_wikidata_occupation_isathlete,2,wikidata_person,0.8739039621092335,0.43343209671993566,0.18159079539769885,0.5032516258129065,0.8860285454606659,0.9621133066280675
60_wikidata_occupation_isathlete,3,wikidata_person,0.8696709817013832,0.4060844261453389,0.17358679339669836,0.49724862431215605,0.8860285454606659,0.9621133066280675
60_wikidata_occupation_isathlete,4,wikidata_person,0.907857493539169,0.4121226616229179,0.1310655327663832,0.4977488744372186,0.8860285454606659,0.9621133066280675
60_wikidata_occupation_isathlete,5,wikidata_person,0.9002431447274228,0.42873811279160456,0.15407703851925963,0.5007503751875938,0.8860285454606659,0.9621133066280675
60_wikidata_occupation_isathlete,6,wikidata_person,0.7966609074673481,0.4309142538986437,0.29814907453726863,0.5282641320660331,0.8860285454606659,0.9621133066280675
60_wikidata_occupation_isathlete,7,wikidata_person,0.9161497600223045,0.42803579759398125,0.11255627813906953,0.5002501250625313,0.8860285454606659,0.9621133066280675
60_wikidata_occupation_isathlete,8,wikidata_person,0.437128690693257,0.43296924386383395,0.7303651825912957,0.5202601300650325,0.8860285454606659,0.9621133066280675
60_wikidata_occupation_isathlete,9,wikidata_person,0.5060002955948288,0.401544771673382,0.6333166583291646,0.5132566283141571,0.8860285454606659,0.9621133066280675
60_wikidata_occupation_isathlete,10,wikidata_person,0.9034420584390261,0.4114748685185856,0.11855927963981991,0.5022511255627814,0.8860285454606659,0.9621133066280675
60_wikidata_occupation_isathlete,11,wikidata_person,0.4659630081419812,0.4189161856158481,0.6978489244622311,0.512256128064032,0.8860285454606659,0.9621133066280675
60_wikidata_occupation_isathlete,12,wikidata_person,0.9586530646923326,0.42264210721980455,0.061030515257628815,0.4797398699349675,0.8860285454606659,0.9621133066280675
60_wikidata_occupation_isathlete,13,wikidata_person,0.8346063676747484,0.4215444721391175,0.22161080540270134,0.48724362181090547,0.8860285454606659,0.9621133066280675
60_wikidata_occupation_isathlete,14,wikidata_person,0.5885708131483118,0.4286368566790624,0.5212606303151576,0.5067533766883442,0.8860285454606659,0.9621133066280675
60_wikidata_occupation_isathlete,15,wikidata_person,0.9302024406951139,0.41429964573175915,0.09054527263631816,0.5012506253126563,0.8860285454606659,0.9621133066280675
61_wikidata_occupation_isactor,0,wikidata_person,0.7415593088856711,0.4277278965333289,0.3876938469234617,0.5082541270635318,0.8926641868919784,0.9457156562426364
61_wikidata_occupation_isactor,1,wikidata_person,0.5601240582099474,0.40508896745322787,0.6343171585792896,0.48774387193596797,0.8926641868919784,0.9457156562426364
61_wikidata_occupation_isactor,2,wikidata_person,0.869526446196107,0.17558207938575743,0.1950975487743872,0.4497248624312156,0.8926641868919784,0.9457156562426364
61_wikidata_occupation_isactor,3,wikidata_person,0.8468492970076915,0.41334909763736416,0.21960980490245122,0.4957478739369685,0.8926641868919784,0.9457156562426364
61_wikidata_occupation_isactor,4,wikidata_person,0.7929251605074317,0.43509431898650996,0.3016508254127064,0.49824912456228115,0.8926641868919784,0.9457156562426364
61_wikidata_occupation_isactor,5,wikidata_person,0.4385801232657496,0.41130826855266833,0.7298649324662331,0.5087543771885943,0.8926641868919784,0.9457156562426364
61_wikidata_occupation_isactor,6,wikidata_person,0.889839147858295,0.4290678837020736,0.15107553776888444,0.5317658829414708,0.8926641868919784,0.9457156562426364
61_wikidata_occupation_isactor,7,wikidata_person,0.9345558957129207,0.35792254462589,0.10105052526263132,0.49224612306153076,0.8926641868919784,0.9457156562426364
61_wikidata_occupation_isactor,8,wikidata_person,0.47457976054867124,0.4128793747676187,0.6918459229614807,0.503751875937969,0.8926641868919784,0.9457156562426364
61_wikidata_occupation_isactor,9,wikidata_person,0.5172828853756881,0.42182508169229727,0.6268134067033517,0.5072536268134067,0.8926641868919784,0.9457156562426364
61_wikidata_occupation_isactor,10,wikidata_person,0.9327084876193628,0.3554444294022967,0.0880440220110055,0.5012506253126563,0.8926641868919784,0.9457156562426364
61_wikidata_occupation_isactor,11,wikidata_person,0.4643069686380483,0.404196168235857,0.7073536768384192,0.49374687343671836,0.8926641868919784,0.9457156562426364
61_wikidata_occupation_isactor,12,wikidata_person,0.935236340774555,0.42812680126226943,0.080040020010005,0.4882441220610305,0.8926641868919784,0.9457156562426364
61_wikidata_occupation_isactor,13,wikidata_person,0.9481393748522482,0.43206539915211506,0.07603801900950476,0.4777388694347174,0.8926641868919784,0.9457156562426364
61_wikidata_occupation_isactor,14,wikidata_person,0.9540894226417533,0.4269860711169817,0.058029014507253625,0.5107553776888444,0.8926641868919784,0.9457156562426364
61_wikidata_occupation_isactor,15,wikidata_person,0.5649522202597084,0.42866815300202465,0.5552776388194097,0.49024512256128067,0.8926641868919784,0.9457156562426364
62_wikidata_occupation_ispolitician,0,wikidata_person,0.49430585376834624,0.4290368531968325,0.6803401700850426,0.4842421210605303,0.8022772410542969,0.965681489211297
62_wikidata_occupation_ispolitician,1,wikidata_person,0.5372956429575453,0.16496251415205632,0.6163081540770385,0.5192596298149075,0.8022772410542969,0.965681489211297
62_wikidata_occupation_ispolitician,2,wikidata_person,0.46720523064184927,0.41279288815945625,0.7098549274637319,0.5107553776888444,0.8022772410542969,0.965681489211297
62_wikidata_occupation_ispolitician,3,wikidata_person,0.47264189748987007,0.4072059945186248,0.6988494247123562,0.5147573786893447,0.8022772410542969,0.965681489211297
62_wikidata_occupation_ispolitician,4,wikidata_person,0.4843019256069321,0.42610298422573356,0.6813406703351675,0.511255627813907,0.8022772410542969,0.965681489211297
62_wikidata_occupation_ispolitician,5,wikidata_person,0.7030450028114121,0.4360025632749893,0.41870935467733866,0.48924462231115556,0.8022772410542969,0.965681489211297
62_wikidata_occupation_ispolitician,6,wikidata_person,0.5071849671346715,0.4150160025045091,0.6573286643321661,0.5047523761880941,0.8022772410542969,0.965681489211297
62_wikidata_occupation_ispolitician,7,wikidata_person,0.4928476503009791,0.4222480219261966,0.6673336668334167,0.5007503751875938,0.8022772410542969,0.965681489211297
62_wikidata_occupation_ispolitician,8,wikidata_person,0.5571757983129682,0.41171963509155773,0.576288144072036,0.47573786893446723,0.8022772410542969,0.965681489211297
62_wikidata_occupation_ispolitician,9,wikidata_person,0.5399210332955733,0.41805553387894423,0.5967983991995998,0.5292646323161581,0.8022772410542969,0.965681489211297
62_wikidata_occupation_ispolitician,10,wikidata_person,0.5758999559498759,0.43315061212207384,0.551775887943972,0.4657328664332166,0.8022772410542969,0.965681489211297
62_wikidata_occupation_ispolitician,11,wikidata_person,0.9116508024133831,0.4042483770786205,0.13956978489244623,0.4912456228114057,0.8022772410542969,0.965681489211297
62_wikidata_occupation_ispolitician,12,wikidata_person,0.810588549499548,0.43190105287966696,0.2786393196598299,0.5097548774387194,0.8022772410542969,0.965681489211297
62_wikidata_occupation_ispolitician,13,wikidata_person,0.5346627810882154,0.38717862611494347,0.607303651825913,0.5062531265632816,0.8022772410542969,0.965681489211297
62_wikidata_occupation_ispolitician,14,wikidata_person,0.6246261653413641,0.38496629185788467,0.4817408704352176,0.5187593796898449,0.8022772410542969,0.965681489211297
62_wikidata_occupation_ispolitician,15,wikidata_person,0.7149077937998383,0.4297591899084632,0.3781890945472736,0.503751875937969,0.8022772410542969,0.965681489211297
63_wikidata_occupation_issinger,0,wikidata_person,0.7338605843887771,0.4038685120140395,0.33166583291645824,0.49974987493746875,0.8693868448513817,0.9404790958359983
63_wikidata_occupation_issinger,1,wikidata_person,0.7684445247846827,0.39913737519242876,0.31165582791395696,0.4912456228114057,0.8693868448513817,0.9404790958359983
63_wikidata_occupation_issinger,2,wikidata_person,0.4348584410752909,0.4139002067567863,0.7403701850925463,0.5017508754377189,0.8693868448513817,0.9404790958359983
63_wikidata_occupation_issinger,3,wikidata_person,0.41528339670620884,0.4146530036803995,0.7573786893446723,0.5092546273136568,0.8693868448513817,0.9404790958359983
63_wikidata_occupation_issinger,4,wikidata_person,0.5513512761029908,0.4065371389334882,0.6313156578289144,0.46823411705852924,0.8693868448513817,0.9404790958359983
63_wikidata_occupation_issinger,5,wikidata_person,0.41494634648092465,0.42092713049217423,0.7618809404702351,0.5127563781890946,0.8693868448513817,0.9404790958359983
63_wikidata_occupation_issinger,6,wikidata_person,0.4313783987362001,0.41097485314634286,0.7333666833416709,0.4822411205602801,0.8693868448513817,0.9404790958359983
63_wikidata_occupation_issinger,7,wikidata_person,0.7977011519577979,0.40973682745677964,0.29064532266133064,0.49224612306153076,0.8693868448513817,0.9404790958359983
63_wikidata_occupation_issinger,8,wikidata_person,0.47876805928550237,0.4288948478104062,0.6703351675837919,0.47573786893446723,0.8693868448513817,0.9404790958359983
63_wikidata_occupation_issinger,9,wikidata_person,0.4572946166768339,0.4002669699533319,0.7018509254627313,0.48924462231115556,0.8693868448513817,0.9404790958359983
63_wikidata_occupation_issinger,10,wikidata_person,0.4908317980233112,0.4312502102542932,0.6503251625812907,0.5147573786893447,0.8693868448513817,0.9404790958359983
63_wikidata_occupation_issinger,11,wikidata_person,0.4253817479495352,0.3597876994235518,0.7443721860930466,0.512256128064032,0.8693868448513817,0.9404790958359983
63_wikidata_occupation_issinger,12,wikidata_person,0.8571523696069989,0.41665778668585585,0.20060030015007504,0.5022511255627814,0.8693868448513817,0.9404790958359983
63_wikidata_occupation_issinger,13,wikidata_person,0.4588825386522484,0.42525495212269626,0.7083541770885443,0.5097548774387194,0.8693868448513817,0.9404790958359983
63_wikidata_occupation_issinger,14,wikidata_person,0.7477936999439652,0.4227613907476795,0.35767883941970985,0.5052526263131566,0.8693868448513817,0.9404790958359983
63_wikidata_occupation_issinger,15,wikidata_person,0.48518962091125717,0.4036276345423879,0.6658329164582291,0.4837418709354677,0.8693868448513817,0.9404790958359983
64_wikidata_occupation_isresearcher,0,wikidata_person,0.7332311726456533,0.20728865899031734,0.37263910158244,0.4175599795814191,0.8831558044620142,0.9738190669668185
64_wikidata_occupation_isresearcher,1,wikidata_person,0.4519070379232939,0.4055154425438974,0.7258805513016845,0.5211842776927004,0.8831558044620142,0.9738190669668185
64_wikidata_occupation_isresearcher,2,wikidata_person,0.4393862765265468,0.4264421975366366,0.7131189382337928,0.4920877998979071,0.8831558044620142,0.9738190669668185
64_wikidata_occupation_isresearcher,3,wikidata_person,0.6299723820120025,0.4130570946223351,0.49770290964777947,0.48392036753445633,0.8831558044620142,0.9738190669668185
64_wikidata_occupation_isresearcher,4,wikidata_person,0.41427559989717055,0.4295391247280502,0.7595712098009189,0.49770290964777947,0.8831558044620142,0.9738190669668185
64_wikidata_occupation_isresearcher,5,wikidata_person,0.6765436308273582,0.4251483951314303,0.4318529862174579,0.4951505870342011,0.8831558044620142,0.9738190669668185
64_wikidata_occupation_isresearcher,6,wikidata_person,0.6689777671803874,0.4209947213483707,0.44155181214905564,0.5063808065339459,0.8831558044620142,0.9738190669668185
64_wikidata_occupation_isresearcher,7,wikidata_person,0.41922653890815265,0.43307595158871437,0.7667177131189382,0.5012761613067892,0.8831558044620142,0.9738190669668185
64_wikidata_occupation_isresearcher,8,wikidata_person,0.638457320518266,0.42904961706033196,0.4849412965798877,0.4900459418070444,0.8831558044620142,0.9738190669668185
64_wikidata_occupation_isresearcher,9,wikidata_person,0.8074743175806878,0.3974631119280154,0.25114854517611024,0.48238897396630936,0.8831558044620142,0.9738190669668185
64_wikidata_occupation_isresearcher,10,wikidata_person,0.7912491375027415,0.4256993783433616,0.26952526799387444,0.49310872894333846,0.8831558044620142,0.9738190669668185
64_wikidata_occupation_isresearcher,11,wikidata_person,0.4426622735301058,0.4235797933778631,0.7151607963246555,0.5048494129657989,0.8831558044620142,0.9738190669668185
64_wikidata_occupation_isresearcher,12,wikidata_person,0.617353686851501,0.43088786404496937,0.482899438489025,0.5084226646248086,0.8831558044620142,0.9738190669668185
64_wikidata_occupation_isresearcher,13,wikidata_person,0.8853206793815829,0.43260264649931957,0.15977539561000512,0.4997447677386422,0.8831558044620142,0.9738190669668185
64_wikidata_occupation_isresearcher,14,wikidata_person,0.6498850612551661,0.4258516294133581,0.47013782542113325,0.4941296579887698,0.8831558044620142,0.9738190669668185
64_wikidata_occupation_isresearcher,15,wikidata_person,0.42629267313656327,0.42270112322585596,0.7386421643695763,0.4987238386932108,0.8831558044620142,0.9738190669668185
65_high-school,0,phrases_in_context,0.5567020874259936,0.3930927581580017,0.554548296342607,0.5207877461706784,0.9814299339791115,0.9974312056929486
65_high-school,1,phrases_in_context,0.4509604694784932,0.43763842074437975,0.7195998749609253,0.5217255392310097,0.9814299339791115,0.9974312056929486
65_high-school,2,phrases_in_context,0.6805336266546158,0.410926211297713,0.39012191309784305,0.5010940919037199,0.9814299339791115,0.9974312056929486
65_high-school,3,phrases_in_context,0.8579170500987343,0.3580739432123565,0.1944357611753673,0.4757736792747734,0.9814299339791115,0.9974312056929486
65_high-school,4,phrases_in_context,0.7137104868604374,0.40916557710779666,0.3982494529540481,0.5004688965301657,0.9814299339791115,0.9974312056929486
65_high-school,5,phrases_in_context,0.9031709912073298,0.39840542786048116,0.16255079712410128,0.5107846201938105,0.9814299339791115,0.9974312056929486
65_high-school,6,phrases_in_context,0.7684022992147255,0.4225465153653296,0.28977805564238823,0.5054704595185996,0.9814299339791115,0.9974312056929486
65_high-school,7,phrases_in_context,0.8589231534537081,0.23815483480802468,0.212253829321663,0.3801187871209753,0.9814299339791115,0.9974312056929486
65_high-school,8,phrases_in_context,0.834253392130416,0.40597496623996143,0.20412628946545797,0.5026570803376055,0.9814299339791115,0.9974312056929486
65_high-school,9,phrases_in_context,0.7209272399791002,0.4277702347419494,0.3416692716473898,0.5110972178805877,0.9814299339791115,0.9974312056929486
65_high-school,10,phrases_in_context,0.5366840354229208,0.4187909550710125,0.6005001562988433,0.48952797749296656,0.9814299339791115,0.9974312056929486
65_high-school,11,phrases_in_context,0.7368786517056645,0.42950081154631503,0.33010315723663647,0.4973429196623945,0.9814299339791115,0.9974312056929486
65_high-school,12,phrases_in_context,0.5159027415288324,0.4261097090596764,0.6358236949046577,0.5073460456392622,0.9814299339791115,0.9974312056929486
65_high-school,13,phrases_in_context,0.9455005326380359,0.3580611039658421,0.07846201938105658,0.46452016255079714,0.9814299339791115,0.9974312056929486
65_high-school,14,phrases_in_context,0.9234250831227209,0.41993420104810886,0.12191309784307595,0.5079712410128165,0.9814299339791115,0.9974312056929486
65_high-school,15,phrases_in_context,0.827764540236734,0.388962359535036,0.21600500156298844,0.48265082838386997,0.9814299339791115,0.9974312056929486
66_living-room,0,phrases_in_context,0.5656865937480808,0.41764876896308456,0.6047481552775105,0.4991979467436638,0.984304605163437,0.9986221216587136
66_living-room,1,phrases_in_context,0.42969231200414004,0.419304403057025,0.741738851459737,0.5094642284247674,0.984304605163437,0.9986221216587136
66_living-room,2,phrases_in_context,0.2732563071178824,0.4173587985116993,0.9037536092396535,0.5129932627526468,0.984304605163437,0.9986221216587136
66_living-room,3,phrases_in_context,0.2557251706528958,0.38469721967739545,0.9287776708373436,0.4857234520372153,0.984304605163437,0.9986221216587136
66_living-room,4,phrases_in_context,0.2757399921622057,0.4063829893413293,0.917869746551171,0.49470644850818096,0.984304605163437,0.9986221216587136
66_living-room,5,phrases_in_context,0.8163942456794449,0.3918914134844309,0.28071863971767724,0.47192813602823225,0.984304605163437,0.9986221216587136
66_living-room,6,phrases_in_context,0.26306508344730584,0.39701884580907776,0.9313442412576195,0.480269489894129,0.984304605163437,0.9986221216587136
66_living-room,7,phrases_in_context,0.25193232455013304,0.4142991573157242,0.9181905678537055,0.48893166506256014,0.984304605163437,0.9986221216587136
66_living-room,8,phrases_in_context,0.2929827818007211,0.4122653148150466,0.9082451074751363,0.5123516201475778,0.984304605163437,0.9986221216587136
66_living-room,9,phrases_in_context,0.2634793124267987,0.4138462555246134,0.9236445299967918,0.4876483798524222,0.984304605163437,0.9986221216587136
66_living-room,10,phrases_in_context,0.9318361913342617,0.37337935045657367,0.09464228424767404,0.4629451395572666,0.984304605163437,0.9986221216587136
66_living-room,11,phrases_in_context,0.3045713355737403,0.4348904132361604,0.8944497914661533,0.4760988129611806,0.984304605163437,0.9986221216587136
66_living-room,12,phrases_in_context,0.33326251677543617,0.4178468977108083,0.8735964068014116,0.5052935514918191,0.984304605163437,0.9986221216587136
66_living-room,13,phrases_in_context,0.7899665192956644,0.3677025104940088,0.2694898941289702,0.48925248636509466,0.984304605163437,0.9986221216587136
66_living-room,14,phrases_in_context,0.7235506626915587,0.4186453443503937,0.3442412576195059,0.49502726981071543,0.984304605163437,0.9986221216587136
66_living-room,15,phrases_in_context,0.9036334196660281,0.4239530471633388,0.14148219441770934,0.4857234520372153,0.984304605163437,0.9986221216587136
67_social-security,0,phrases_in_context,0.5724099685022395,0.3377801962664413,0.5057830572053766,0.44076273835573615,0.9948463458520483,0.9998528735321175
67_social-security,1,phrases_in_context,0.5564680801774058,0.3843112879891577,0.5017192872772741,0.5348546420756486,0.9948463458520483,0.9998528735321175
67_social-security,2,phrases_in_context,0.5653582151956538,0.4322008554571277,0.49609252891528605,0.48608940293841824,0.9948463458520483,0.9998528735321175
67_social-security,3,phrases_in_context,0.544169517185715,0.4292301451375986,0.5098468271334792,0.49484213816817757,0.9948463458520483,0.9998528735321175
67_social-security,4,phrases_in_context,0.570045975635731,0.40752461543932883,0.487964989059081,0.46483276023757425,0.9948463458520483,0.9998528735321175
67_social-security,5,phrases_in_context,0.6021845484282,0.37412500338509624,0.47202250703344795,0.5295404814004376,0.9948463458520483,0.9998528735321175
67_social-security,6,phrases_in_context,0.7902380681957117,0.39001671623027523,0.28071272272585185,0.4804626445764301,0.9948463458520483,0.9998528735321175
67_social-security,7,phrases_in_context,0.6328200608427825,0.3573689723474702,0.43919974992185057,0.557049077836824,0.9948463458520483,0.9998528735321175
67_social-security,8,phrases_in_context,0.586089002143974,0.37151728538978257,0.4939043451078462,0.4760862769615505,0.9948463458520483,0.9998528735321175
67_social-security,9,phrases_in_context,0.5899669348210645,0.36672727117168624,0.469521725539231,0.5207877461706784,0.9948463458520483,0.9998528735321175
67_social-security,10,phrases_in_context,0.6074350781322404,0.4066852412593529,0.45764301344170055,0.4676461394185683,0.9948463458520483,0.9998528735321175
67_social-security,11,phrases_in_context,0.685073575543236,0.4109261662693895,0.3919974992185058,0.4635823694904658,0.9948463458520483,0.9998528735321175
67_social-security,12,phrases_in_context,0.6574668996892443,0.36725264998545404,0.45139105970615817,0.55423569865583,0.9948463458520483,0.9998528735321175
67_social-security,13,phrases_in_context,0.6644333196578875,0.4217534560487579,0.44732728977805564,0.469521725539231,0.9948463458520483,0.9998528735321175
67_social-security,14,phrases_in_context,0.6810409414757981,0.42052892800231123,0.37699281025320414,0.5164113785557987,0.9948463458520483,0.9998528735321175
67_social-security,15,phrases_in_context,0.6491794399469528,0.420827888707368,0.46514535792435135,0.5007814942169428,0.9948463458520483,0.9998528735321175
68_credit-card,0,phrases_in_context,0.4727146162423477,0.4055092319574012,0.6630196936542669,0.5185995623632386,0.9854513907678987,0.9999264367660587
68_credit-card,1,phrases_in_context,0.4921470967510213,0.3096439055445912,0.6308221319162238,0.37074085651766175,0.9854513907678987,0.9999264367660587
68_credit-card,2,phrases_in_context,0.48726793690658377,0.4174007126823529,0.5948733979368552,0.5060956548921538,0.9854513907678987,0.9999264367660587
68_credit-card,3,phrases_in_context,0.5655496906109654,0.38895520974872655,0.4989059080962801,0.5223507346045639,0.9854513907678987,0.9999264367660587
68_credit-card,4,phrases_in_context,0.29584770102426283,0.4319185593360002,0.8893404188809003,0.4935917474210691,0.9854513907678987,0.9999264367660587
68_credit-card,5,phrases_in_context,0.3073228343624097,0.39822258930891996,0.8796498905908097,0.4973429196623945,0.9854513907678987,0.9999264367660587
68_credit-card,6,phrases_in_context,0.3571926403735819,0.4007578324089911,0.8524538918412004,0.5135979993748047,0.9854513907678987,0.9999264367660587
68_credit-card,7,phrases_in_context,0.7835780228824061,0.4228180967310968,0.3032197561738043,0.5051578618318224,0.9854513907678987,0.9999264367660587
68_credit-card,8,phrases_in_context,0.3238587885388575,0.37010198533255,0.8512035010940919,0.5311034698343232,0.9854513907678987,0.9999264367660587
68_credit-card,9,phrases_in_context,0.32098532972416915,0.4270570986403326,0.8483901219130978,0.5135979993748047,0.9854513907678987,0.9999264367660587
68_credit-card,10,phrases_in_context,0.3312992688378573,0.418806677330559,0.8737105345420444,0.5070334479524852,0.9854513907678987,0.9999264367660587
68_credit-card,11,phrases_in_context,0.3085964778149719,0.3972522617820444,0.8662081900593935,0.5151609878086902,0.9854513907678987,0.9999264367660587
68_credit-card,12,phrases_in_context,0.3127804182833178,0.4167615556998141,0.8690215692403876,0.49046577055329793,0.9854513907678987,0.9999264367660587
68_credit-card,13,phrases_in_context,0.33697496324825926,0.39880786622813313,0.8424507658643327,0.48921537980618945,0.9854513907678987,0.9999264367660587
68_credit-card,14,phrases_in_context,0.3288944611572304,0.30930165014459843,0.8437011566114411,0.4676461394185683,0.9854513907678987,0.9999264367660587
68_credit-card,15,phrases_in_context,0.29368586014436504,0.39969957391391575,0.8715223507346046,0.5042200687714911,0.9854513907678987,0.9999264367660587
69_blood-pressure,0,phrases_in_context,0.5153172940322699,0.3415060693601739,0.6158174429509221,0.5382932166301969,0.9924373613290762,0.9996288016126413
69_blood-pressure,1,phrases_in_context,0.5723211670904276,0.36746351830823465,0.5014066895904971,0.5217255392310097,0.9924373613290762,0.9996288016126413
69_blood-pressure,2,phrases_in_context,0.6165973594581926,0.3591072041204768,0.47045951859956237,0.5264145045326665,0.9924373613290762,0.9996288016126413
69_blood-pressure,3,phrases_in_context,0.38006853412464414,0.4156313177048858,0.7524226320725227,0.49171616130040635,0.9924373613290762,0.9996288016126413
69_blood-pressure,4,phrases_in_context,0.7820305116659858,0.38787053764216783,0.2979055954985933,0.5085964363863708,0.9924373613290762,0.9996288016126413
69_blood-pressure,5,phrases_in_context,0.6344105553303232,0.4303218031521914,0.4235698655829947,0.5392310096905283,0.9924373613290762,0.9996288016126413
69_blood-pressure,6,phrases_in_context,0.6794075947448548,0.41538802604985525,0.4048140043763676,0.4954673335417318,0.9924373613290762,0.9996288016126413
69_blood-pressure,7,phrases_in_context,0.5916666688594887,0.40922618575879044,0.5370428258830885,0.5060956548921538,0.9924373613290762,0.9996288016126413
69_blood-pressure,8,phrases_in_context,0.6625211071886974,0.4211540674185057,0.40856517661769304,0.4851516098780869,0.9924373613290762,0.9996288016126413
69_blood-pressure,9,phrases_in_context,0.7550184340094992,0.35760681257957927,0.3094717099093467,0.5386058143169741,0.9924373613290762,0.9996288016126413
69_blood-pressure,10,phrases_in_context,0.6124353679977002,0.4158342677588218,0.49171616130040635,0.49046577055329793,0.9924373613290762,0.9996288016126413
69_blood-pressure,11,phrases_in_context,0.784103656931096,0.34055819369434426,0.26852141294154425,0.5189121600500156,0.9924373613290762,0.9996288016126413
69_blood-pressure,12,phrases_in_context,0.5755163061619626,0.4349805410582439,0.5395436073773054,0.493279149734292,0.9924373613290762,0.9996288016126413
69_blood-pressure,13,phrases_in_context,0.3262465751667063,0.4033610833577834,0.8771491090965927,0.4673335417317912,0.9924373613290762,0.9996288016126413
69_blood-pressure,14,phrases_in_context,0.6013355679393046,0.43223347232566556,0.4942169427946233,0.493279149734292,0.9924373613290762,0.9996288016126413
69_blood-pressure,15,phrases_in_context,0.3227666807378631,0.3739021951358503,0.8705845576742732,0.47796186308221317,0.9924373613290762,0.9996288016126413
70_prime-factors,0,phrases_in_context,0.5284820211507986,0.38038534093691556,0.5320412628946546,0.5245389184120037,0.9995839872287462,1.0
70_prime-factors,1,phrases_in_context,0.5269168387008898,0.3625386742037515,0.5054704595185996,0.6364488902782119,0.9995839872287462,1.0
70_prime-factors,2,phrases_in_context,0.5670452676530953,0.37175248068603794,0.51734917161613,0.47764926539543606,0.9995839872287462,1.0
70_prime-factors,3,phrases_in_context,0.5171453081325983,0.29602914979252826,0.4976555173491716,0.4248202563301032,0.9995839872287462,1.0
70_prime-factors,4,phrases_in_context,0.5456972688401522,0.34154387766161576,0.49859331040950294,0.530478274460769,0.9995839872287462,1.0
70_prime-factors,5,phrases_in_context,0.5277359803153614,0.3064241061409336,0.5001562988433885,0.6217567989996874,0.9995839872287462,1.0
70_prime-factors,6,phrases_in_context,0.6122185027946225,0.05154623947918768,0.4660831509846827,0.5004688965301657,0.9995839872287462,1.0
70_prime-factors,7,phrases_in_context,0.5572167871060791,0.32384269451581127,0.5142231947483589,0.583619881212879,0.9995839872287462,1.0
70_prime-factors,8,phrases_in_context,0.5369888288719982,0.3585728911337698,0.4973429196623945,0.29978118161925604,0.9995839872287462,1.0
70_prime-factors,9,phrases_in_context,0.7405785306536923,0.3147924990579223,0.34948421381681777,0.4248202563301032,0.9995839872287462,1.0
70_prime-factors,10,phrases_in_context,0.7633862988969164,0.3286886583857125,0.28227571115973743,0.42044388871522353,0.9995839872287462,1.0
70_prime-factors,11,phrases_in_context,0.5599726874169422,0.3270947714217911,0.46545795561112846,0.5754923413566739,0.9995839872287462,1.0
70_prime-factors,12,phrases_in_context,0.5804359136413952,0.3098112342404884,0.4638949671772429,0.5923726164426383,0.9995839872287462,1.0
70_prime-factors,13,phrases_in_context,0.8213586341206751,0.3506038350366514,0.23319787433572992,0.4563926226945921,0.9995839872287462,1.0
70_prime-factors,14,phrases_in_context,0.5535063900360468,0.3316711796513825,0.46326977180368867,0.4570178180681463,0.9995839872287462,1.0
70_prime-factors,15,phrases_in_context,0.6399682824883512,0.31983917174920307,0.4010628321350422,0.4326351984995311,0.9995839872287462,1.0
71_social-media,0,phrases_in_context,0.5461775018325781,0.4182007558472354,0.5323538605814317,0.49077836824007504,0.9858132880567131,0.9988331349098978
71_social-media,1,phrases_in_context,0.5783216361525434,0.38729437309124437,0.48984057517974366,0.4832760237574242,0.9858132880567131,0.9988331349098978
71_social-media,2,phrases_in_context,0.3156044957376245,0.37951973855229215,0.8558924663957487,0.48608940293841824,0.9858132880567131,0.9988331349098978
71_social-media,3,phrases_in_context,0.33012762757082004,0.3885284440339716,0.8558924663957487,0.5032822757111597,0.9858132880567131,0.9988331349098978
71_social-media,4,phrases_in_context,0.30896539497222864,0.3929795623740151,0.8799624882775867,0.4657705532979056,0.9858132880567131,0.9988331349098978
71_social-media,5,phrases_in_context,0.3837536464084186,0.39563583563829186,0.8415129728040013,0.4995311034698343,0.9858132880567131,0.9988331349098978
71_social-media,6,phrases_in_context,0.36831159255100787,0.42704583008754016,0.8230697092841514,0.5070334479524852,0.9858132880567131,0.9988331349098978
71_social-media,7,phrases_in_context,0.6382391949480752,0.38470997413332975,0.4220068771491091,0.49109096592685214,0.9858132880567131,0.9988331349098978
71_social-media,8,phrases_in_context,0.6231989739463466,0.4111014660933836,0.44045014066895904,0.506720850265708,0.9858132880567131,0.9988331349098978
71_social-media,9,phrases_in_context,0.3487580251067961,0.33689548771090005,0.8812128790246953,0.5295404814004376,0.9858132880567131,0.9988331349098978
71_social-media,10,phrases_in_context,0.3510649022958958,0.4097225359834331,0.8590184432635198,0.4942169427946233,0.9858132880567131,0.9988331349098978
71_social-media,11,phrases_in_context,0.33402985794608875,0.41063815398128023,0.8546420756486403,0.5004688965301657,0.9858132880567131,0.9988331349098978
71_social-media,12,phrases_in_context,0.3076062123557586,0.39011509197279404,0.888402625820569,0.4867145983119725,0.9858132880567131,0.9988331349098978
71_social-media,13,phrases_in_context,0.3188743492905959,0.3442441776811864,0.896530165676774,0.5264145045326665,0.9858132880567131,0.9988331349098978
71_social-media,14,phrases_in_context,0.32358790057019715,0.42515150884617836,0.8743357299155986,0.5029696780243826,0.9858132880567131,0.9988331349098978
71_social-media,15,phrases_in_context,0.3577372669128289,0.34281317282642987,0.8415129728040013,0.4732728977805564,0.9858132880567131,0.9988331349098978
72_gene-expression,0,phrases_in_context,0.5997108055720859,0.3637077526705934,0.4882775867458581,0.46639574867145983,0.9060377658423076,0.9996609326803398
72_gene-expression,1,phrases_in_context,0.642964508272934,0.36163160286992224,0.42044388871522353,0.5351672397624258,0.9060377658423076,0.9996609326803398
72_gene-expression,2,phrases_in_context,0.7164596094995908,0.42661451985039345,0.36542669584245074,0.5060956548921538,0.9060377658423076,0.9996609326803398
72_gene-expression,3,phrases_in_context,0.44589145862333845,0.4278822755152014,0.6430134417005314,0.49171616130040635,0.9060377658423076,0.9996609326803398
72_gene-expression,4,phrases_in_context,0.23580068496610762,0.411248375197069,0.936542669584245,0.5070334479524852,0.9060377658423076,0.9996609326803398
72_gene-expression,5,phrases_in_context,0.22717136923631687,0.3847777463002051,0.9249765551734918,0.47827446076899033,0.9060377658423076,0.9996609326803398
72_gene-expression,6,phrases_in_context,0.22999583638990262,0.3531108907441818,0.9312285089090341,0.49109096592685214,0.9060377658423076,0.9996609326803398
72_gene-expression,7,phrases_in_context,0.2355784687953506,0.4246203572374727,0.9312285089090341,0.5139105970615817,0.9060377658423076,0.9996609326803398
72_gene-expression,8,phrases_in_context,0.23763231353659764,0.4263480205855523,0.925601750547046,0.5104720225070335,0.9060377658423076,0.9996609326803398
72_gene-expression,9,phrases_in_context,0.21419463847392062,0.41658724482898046,0.9537355423569865,0.48483901219130976,0.9060377658423076,0.9996609326803398
72_gene-expression,10,phrases_in_context,0.7187640975711669,0.3313839993510235,0.3294779618630822,0.4495154735854955,0.9060377658423076,0.9996609326803398
72_gene-expression,11,phrases_in_context,0.2134251149834261,0.3863744900344017,0.9371678649577994,0.4926539543607377,0.9060377658423076,0.9996609326803398
72_gene-expression,12,phrases_in_context,0.2299028314718381,0.41238857946059215,0.9227883713660519,0.5070334479524852,0.9060377658423076,0.9996609326803398
72_gene-expression,13,phrases_in_context,0.2244414012626641,0.3729575824824778,0.944357611753673,0.47921225382932164,0.9060377658423076,0.9996609326803398
72_gene-expression,14,phrases_in_context,0.22110747009323317,0.39407131174880283,0.9224757736792748,0.5204751484839012,0.9060377658423076,0.9996609326803398
72_gene-expression,15,phrases_in_context,0.23916861100375564,0.41615741966948305,0.9252891528602688,0.5107846201938105,0.9060377658423076,0.9996609326803398
73_control-group,0,phrases_in_context,0.5673564868893526,0.42823294124065736,0.596748984057518,0.5114098155673648,0.9608449117917637,0.997842145137724
73_control-group,1,phrases_in_context,0.5045893907719532,0.3867575501511,0.5858080650203189,0.5176617693029072,0.9608449117917637,0.997842145137724
73_control-group,2,phrases_in_context,0.5697709840042857,0.4047262533575191,0.5501719287277275,0.5157861831822445,0.9608449117917637,0.997842145137724
73_control-group,3,phrases_in_context,0.6626951194468853,0.41629434042035274,0.44513910597061584,0.48421381681775555,0.9608449117917637,0.997842145137724
73_control-group,4,phrases_in_context,0.794327954771644,0.3626981115318395,0.31978743357299155,0.46639574867145983,0.9608449117917637,0.997842145137724
73_control-group,5,phrases_in_context,0.5927632473655131,0.4262951041626202,0.5479837449202876,0.4864020006251954,0.9608449117917637,0.997842145137724
73_control-group,6,phrases_in_context,0.3316427966347084,0.3922512373932696,0.8246326977180369,0.5120350109409191,0.9608449117917637,0.997842145137724
73_control-group,7,phrases_in_context,0.8394987257390605,0.28957138910740987,0.2085026570803376,0.543919974992185,0.9608449117917637,0.997842145137724
73_control-group,8,phrases_in_context,0.6748020156564092,0.4197470747547609,0.43388558924663956,0.46326977180368867,0.9608449117917637,0.997842145137724
73_control-group,9,phrases_in_context,0.7468563618045574,0.3279661298811001,0.32635198499531104,0.46014379493591745,0.9608449117917637,0.997842145137724
73_control-group,10,phrases_in_context,0.2691811225787235,0.3078356788142542,0.9074710847139731,0.46545795561112846,0.9608449117917637,0.997842145137724
73_control-group,11,phrases_in_context,0.7267233031226565,0.4074106431756881,0.33260393873085337,0.49859331040950294,0.9608449117917637,0.997842145137724
73_control-group,12,phrases_in_context,0.3011763265917571,0.3533059484491081,0.885901844326352,0.5548608940293842,0.9608449117917637,0.997842145137724
73_control-group,13,phrases_in_context,0.36854106930845143,0.36404091706714303,0.8165051578618319,0.4682713347921225,0.9608449117917637,0.997842145137724
73_control-group,14,phrases_in_context,0.26659274197273186,0.41441473648479854,0.9243513597999374,0.4954673335417318,0.9608449117917637,0.997842145137724
73_control-group,15,phrases_in_context,0.9067677127765719,0.45671652898401205,0.11597374179431072,0.4326351984995311,0.9608449117917637,0.997842145137724
74_magnetic-field,0,phrases_in_context,0.282370789136823,0.4265849181420933,0.9193497968115036,0.5048452641450454,0.9054636343958006,0.9992406921370205
74_magnetic-field,1,phrases_in_context,0.5143736289222769,0.3648974764144337,0.5823694904657706,0.474835886214442,0.9054636343958006,0.9992406921370205
74_magnetic-field,2,phrases_in_context,0.5414414456426158,0.39549008887381976,0.5507971241012817,0.5248515160987809,0.9054636343958006,0.9992406921370205
74_magnetic-field,3,phrases_in_context,0.31732387374086635,0.4222226355197507,0.8971553610503282,0.5089090340731478,0.9054636343958006,0.9992406921370205
74_magnetic-field,4,phrases_in_context,0.3235350068484788,0.41391335093642256,0.8674585808065021,0.46670834635823694,0.9054636343958006,0.9992406921370205
74_magnetic-field,5,phrases_in_context,0.28775123263984037,0.4122275318786459,0.899343544857768,0.4882775867458581,0.9054636343958006,0.9992406921370205
74_magnetic-field,6,phrases_in_context,0.2913202760010771,0.3827559353216514,0.8890278211941232,0.4417005314160675,0.9054636343958006,0.9992406921370205
74_magnetic-field,7,phrases_in_context,0.31610654062814514,0.38580280369558184,0.8893404188809003,0.5114098155673648,0.9054636343958006,0.9992406921370205
74_magnetic-field,8,phrases_in_context,0.32798722323732554,0.41639908464630726,0.8865270396999062,0.514535792435136,0.9054636343958006,0.9992406921370205
74_magnetic-field,9,phrases_in_context,0.3251660884868073,0.4222840632337612,0.8583932478899656,0.4957799312285089,0.9054636343958006,0.9992406921370205
74_magnetic-field,10,phrases_in_context,0.2817816357912146,0.40305769803852853,0.8977805564238824,0.5214129415442326,0.9054636343958006,0.9992406921370205
74_magnetic-field,11,phrases_in_context,0.2971400574890861,0.3858832480959693,0.9024695217255392,0.47139731165989374,0.9054636343958006,0.9992406921370205
74_magnetic-field,12,phrases_in_context,0.26960531782653074,0.36519133449368346,0.9152860268834011,0.47858705845576743,0.9054636343958006,0.9992406921370205
74_magnetic-field,13,phrases_in_context,0.3523752474992745,0.4258768123578158,0.848702719599875,0.4876523913723038,0.9054636343958006,0.9992406921370205
74_magnetic-field,14,phrases_in_context,0.2958188054793218,0.4126646326564509,0.8855892466395748,0.49640512660206315,0.9054636343958006,0.9992406921370205
74_magnetic-field,15,phrases_in_context,0.35856212517649855,0.3725921772437202,0.8190059393560488,0.5317286652078774,0.9054636343958006,0.9992406921370205
75_cell-lines,0,phrases_in_context,0.5366092725513183,0.27409797375076295,0.5608002500781494,0.41387933729290405,0.9856881460035717,0.9954610639103848
75_cell-lines,1,phrases_in_context,0.5544913410107151,0.33439856120129674,0.5273522975929978,0.5642388246326977,0.9856881460035717,0.9954610639103848
75_cell-lines,2,phrases_in_context,0.5622251255791497,0.3241158002206459,0.5326664582682088,0.42607064707721165,0.9856881460035717,0.9954610639103848
75_cell-lines,3,phrases_in_context,0.5857472855458874,0.4131035383568995,0.49671772428884026,0.4682713347921225,0.9856881460035717,0.9954610639103848
75_cell-lines,4,phrases_in_context,0.5478578612790983,0.435106275926207,0.5135979993748047,0.532979055954986,0.9856881460035717,0.9954610639103848
75_cell-lines,5,phrases_in_context,0.8213997643567588,0.3956340062282302,0.24226320725226633,0.4951547358549547,0.9856881460035717,0.9954610639103848
75_cell-lines,6,phrases_in_context,0.6967186035828263,0.35051705982163606,0.39668646452016254,0.541106595811191,0.9856881460035717,0.9954610639103848
75_cell-lines,7,phrases_in_context,0.537119757007547,0.3850437384664622,0.6192560175054704,0.47170990934667084,0.9856881460035717,0.9954610639103848
75_cell-lines,8,phrases_in_context,0.7635808030028699,0.3596794333054363,0.2963426070647077,0.46545795561112846,0.9856881460035717,0.9954610639103848
75_cell-lines,9,phrases_in_context,0.7323529756164331,0.4430359762643328,0.33322913410440763,0.5217255392310097,0.9856881460035717,0.9954610639103848
75_cell-lines,10,phrases_in_context,0.5862633589053337,0.42378991589709925,0.5404814004376368,0.5248515160987809,0.9856881460035717,0.9954610639103848
75_cell-lines,11,phrases_in_context,0.8540561286932207,0.43037079976516845,0.19631134729603,0.4885901844326352,0.9856881460035717,0.9954610639103848
75_cell-lines,12,phrases_in_context,0.8231265030577097,0.4150558954657404,0.22507033447952485,0.5035948733979368,0.9856881460035717,0.9954610639103848
75_cell-lines,13,phrases_in_context,0.6195714184611147,0.37499900509978557,0.493279149734292,0.4563926226945921,0.9856881460035717,0.9954610639103848
75_cell-lines,14,phrases_in_context,0.297216000224789,0.3585709623505202,0.8680837761800563,0.551734917161613,0.9856881460035717,0.9954610639103848
75_cell-lines,15,phrases_in_context,0.8561251257657836,0.35877663163241147,0.1978743357299156,0.5273522975929978,0.9856881460035717,0.9954610639103848
76_trial-court,0,phrases_in_context,0.4157883333298824,0.35730104889389525,0.6927164738980931,0.5404814004376368,0.9459360963796741,0.9993041087180041
76_trial-court,1,phrases_in_context,0.4349384477987459,0.3395287882113107,0.6702094404501406,0.5461081587996249,0.9459360963796741,0.9993041087180041
76_trial-court,2,phrases_in_context,0.3091118243020643,0.17690001077570772,0.8180681462957174,0.3172866520787746,0.9459360963796741,0.9993041087180041
76_trial-court,3,phrases_in_context,0.43324246373748765,0.4452796981284355,0.684276336355111,0.5320412628946546,0.9459360963796741,0.9993041087180041
76_trial-court,4,phrases_in_context,0.40874034098186196,0.4146047622391693,0.710847139731166,0.4889027821194123,0.9459360963796741,0.9993041087180041
76_trial-court,5,phrases_in_context,0.6708853938837973,0.3897776521726293,0.43388558924663956,0.4973429196623945,0.9459360963796741,0.9993041087180041
76_trial-court,6,phrases_in_context,0.32440649814315625,0.3403512267986917,0.8977805564238824,0.5314160675211004,0.9459360963796741,0.9993041087180041
76_trial-court,7,phrases_in_context,0.8489963813381947,0.36332347485996963,0.21600500156298844,0.5076586433260394,0.9459360963796741,0.9993041087180041
76_trial-court,8,phrases_in_context,0.6870125997817154,0.2680750645809311,0.3888715223507346,0.5692403876211316,0.9459360963796741,0.9993041087180041
76_trial-court,9,phrases_in_context,0.8247519327286676,0.39487412194353055,0.2597686777117849,0.47827446076899033,0.9459360963796741,0.9993041087180041
76_trial-court,10,phrases_in_context,0.7341348993937811,0.3526450036597224,0.3522975929978118,0.4551422319474836,0.9459360963796741,0.9993041087180041
76_trial-court,11,phrases_in_context,0.7456565706478717,0.4051004948805754,0.35292278837136604,0.5070334479524852,0.9459360963796741,0.9993041087180041
76_trial-court,12,phrases_in_context,0.2935912461933863,0.3520038198174513,0.9177868083776181,0.432322600812754,0.9459360963796741,0.9993041087180041
76_trial-court,13,phrases_in_context,0.7113743044358394,0.346534322983435,0.3679274773366677,0.474835886214442,0.9459360963796741,0.9993041087180041
76_trial-court,14,phrases_in_context,0.6076137984418424,0.36086359408268787,0.4501406689590497,0.4882775867458581,0.9459360963796741,0.9993041087180041
76_trial-court,15,phrases_in_context,0.6696990224828605,0.4122893137395689,0.4176305095342294,0.49046577055329793,0.9459360963796741,0.9993041087180041
77_second-derivative,0,phrases_in_context,0.550547428938009,0.3774646586985666,0.49703032197561736,0.5529853079087215,0.9676867153255047,0.9995112695492181
77_second-derivative,1,phrases_in_context,0.4444689192331561,0.2909792592660021,0.6005001562988433,0.5986245701781807,0.9676867153255047,0.9995112695492181
77_second-derivative,2,phrases_in_context,0.40444105932091334,0.39835421557873474,0.6748984057517975,0.5182869646764614,0.9676867153255047,0.9995112695492181
77_second-derivative,3,phrases_in_context,0.3553035306272254,0.34046102790577804,0.7014692091278525,0.4820256330103157,0.9676867153255047,0.9995112695492181
77_second-derivative,4,phrases_in_context,0.716113730380642,0.4176564597007024,0.31416067521100344,0.4851516098780869,0.9676867153255047,0.9995112695492181
77_second-derivative,5,phrases_in_context,0.3892157938786176,0.2048797953446173,0.6642700844013755,0.7242888402625821,0.9676867153255047,0.9995112695492181
77_second-derivative,6,phrases_in_context,0.39172645495013225,0.2680161646832746,0.670834635823695,0.5973741794310722,0.9676867153255047,0.9995112695492181
77_second-derivative,7,phrases_in_context,0.35951047891612564,0.04042135731070329,0.6908408877774305,0.480150046889653,0.9676867153255047,0.9995112695492181
77_second-derivative,8,phrases_in_context,0.3527119861560182,0.4600282297170992,0.7274148171303533,0.45451703657392933,0.9676867153255047,0.9995112695492181
77_second-derivative,9,phrases_in_context,0.5836462189102372,0.29348494663744473,0.46545795561112846,0.5767427321037825,0.9676867153255047,0.9995112695492181
77_second-derivative,10,phrases_in_context,0.45013902438437836,0.32242173070648694,0.5970615817442951,0.4101281650515786,0.9676867153255047,0.9995112695492181
77_second-derivative,11,phrases_in_context,0.6772207854416874,0.2726837601987675,0.41075336042513283,0.5742419506095655,0.9676867153255047,0.9995112695492181
77_second-derivative,12,phrases_in_context,0.3774628731336589,0.45270255181840313,0.6886527039699907,0.4635823694904658,0.9676867153255047,0.9995112695492181
77_second-derivative,13,phrases_in_context,0.3365520135014328,0.278030170194816,0.7058455767427321,0.5936230071897468,0.9676867153255047,0.9995112695492181
77_second-derivative,14,phrases_in_context,0.6016111066467231,0.24298195340183892,0.4442013129102845,0.3094717099093467,0.9676867153255047,0.9995112695492181
77_second-derivative,15,phrases_in_context,0.625768666567589,0.19214701469107043,0.46545795561112846,0.7714910909659268,0.9676867153255047,0.9995112695492181
78_north-america,0,phrases_in_context,0.3436440542475332,0.36549464910422724,0.8365114098155674,0.5101594248202563,0.9639007454407706,0.9982636540126631
78_north-america,1,phrases_in_context,0.8557501936608012,0.2286680363130167,0.21600500156298844,0.5461081587996249,0.9639007454407706,0.9982636540126631
78_north-america,2,phrases_in_context,0.7492111226143883,0.3897189309500444,0.37042825883088465,0.5054704595185996,0.9639007454407706,0.9982636540126631
78_north-america,3,phrases_in_context,0.6402723166035647,0.361208288770704,0.4939043451078462,0.6408252578930916,0.9639007454407706,0.9982636540126631
78_north-america,4,phrases_in_context,0.8658074119527457,0.39707198467550664,0.20412628946545797,0.4688965301656768,0.9639007454407706,0.9982636540126631
78_north-america,5,phrases_in_context,0.7094609170015875,0.40323239672619593,0.3691778680837762,0.5264145045326665,0.9639007454407706,0.9982636540126631
78_north-america,6,phrases_in_context,0.8712985044746622,0.37260601047674036,0.1994373241638012,0.46420756486402,0.9639007454407706,0.9982636540126631
78_north-america,7,phrases_in_context,0.9205820509925347,0.3729695638429871,0.11628633948108784,0.5307908721475461,0.9639007454407706,0.9982636540126631
78_north-america,8,phrases_in_context,0.7615075210193196,0.37961342710559176,0.32010003125976866,0.533291653641763,0.9639007454407706,0.9982636540126631
78_north-america,9,phrases_in_context,0.8475533022665351,0.42085279487699245,0.2088152547671147,0.4973429196623945,0.9639007454407706,0.9982636540126631
78_north-america,10,phrases_in_context,0.7920875271025689,0.3936417455927739,0.27539856205064084,0.49077836824007504,0.9639007454407706,0.9982636540126631
78_north-america,11,phrases_in_context,0.8351786661567295,0.40546811125671933,0.21037824320100032,0.47733666770865896,0.9639007454407706,0.9982636540126631
78_north-america,12,phrases_in_context,0.5629013737536608,0.39738088897817514,0.6139418568302595,0.49859331040950294,0.9639007454407706,0.9982636540126631
78_north-america,13,phrases_in_context,0.9440945138483035,0.40796153695103987,0.092841512972804,0.4992185057830572,0.9639007454407706,0.9982636540126631
78_north-america,14,phrases_in_context,0.43854137587889785,0.41942042284487835,0.7252266333229134,0.5020318849640513,0.9639007454407706,0.9982636540126631
78_north-america,15,phrases_in_context,0.9487407186051828,0.3796961827537342,0.08190059393560488,0.4942169427946233,0.9639007454407706,0.9982636540126631
79_human-rights,0,phrases_in_context,0.4127606890569748,0.43083204198189207,0.7202250703344796,0.5389184120037511,0.977852393257211,0.9993328575680502
79_human-rights,1,phrases_in_context,0.6111632649337615,0.37135353329793164,0.4613941856830259,0.5354798374492029,0.977852393257211,0.9993328575680502
79_human-rights,2,phrases_in_context,0.455882833988855,0.38532359627135504,0.6858393247889966,0.4804626445764301,0.977852393257211,0.9993328575680502
79_human-rights,3,phrases_in_context,0.6614802206674626,0.38943976145319836,0.4241950609565489,0.5098468271334792,0.977852393257211,0.9993328575680502
79_human-rights,4,phrases_in_context,0.7619782827451178,0.3681314748928721,0.3188496405126602,0.527977492966552,0.977852393257211,0.9993328575680502
79_human-rights,5,phrases_in_context,0.8300435888852569,0.4407587635027097,0.25101594248202563,0.5142231947483589,0.977852393257211,0.9993328575680502
79_human-rights,6,phrases_in_context,0.8036061842375326,0.375723123643376,0.26258205689277897,0.5211003438574554,0.977852393257211,0.9993328575680502
79_human-rights,7,phrases_in_context,0.8441248728860413,0.43240921214329564,0.21819318537042826,0.4973429196623945,0.977852393257211,0.9993328575680502
79_human-rights,8,phrases_in_context,0.8552100284347801,0.3944947142026698,0.1891216005001563,0.5192247577367928,0.977852393257211,0.9993328575680502
79_human-rights,9,phrases_in_context,0.5740368971901837,0.398916462936733,0.5620506408252579,0.48952797749296656,0.977852393257211,0.9993328575680502
79_human-rights,10,phrases_in_context,0.46872438349462175,0.4117174866269786,0.7092841512972804,0.5051578618318224,0.977852393257211,0.9993328575680502
79_human-rights,11,phrases_in_context,0.5839343467763243,0.37873640592821856,0.5370428258830885,0.5317286652078774,0.977852393257211,0.9993328575680502
79_human-rights,12,phrases_in_context,0.3763337953038486,0.3856809592154089,0.822444513910597,0.47889965614254454,0.977852393257211,0.9993328575680502
79_human-rights,13,phrases_in_context,0.8935515572821406,0.4391211082126547,0.14129415442325727,0.44638949671772427,0.977852393257211,0.9993328575680502
79_human-rights,14,phrases_in_context,0.45154660799167434,0.40888235274847995,0.7224132541419194,0.49828071272272584,0.977852393257211,0.9993328575680502
79_human-rights,15,phrases_in_context,0.7722669971660223,0.4159452394790726,0.2888402625820569,0.4832760237574242,0.977852393257211,0.9993328575680502
80_side-effects,0,phrases_in_context,0.5117712882232357,0.33906859926904787,0.6086276961550484,0.4379493591747421,0.9879297107527464,0.9979089439363602
80_side-effects,1,phrases_in_context,0.5941984017269137,0.4145190507766239,0.47233510472022505,0.5157861831822445,0.9879297107527464,0.9979089439363602
80_side-effects,2,phrases_in_context,0.7453811385339628,0.35621711885245233,0.3801187871209753,0.5114098155673648,0.9879297107527464,0.9979089439363602
80_side-effects,3,phrases_in_context,0.7593543398803231,0.3718441714866485,0.3357299155986246,0.527977492966552,0.9879297107527464,0.9979089439363602
80_side-effects,4,phrases_in_context,0.2682477850636338,0.3294079280407287,0.9190371991247265,0.4479524851516099,0.9879297107527464,0.9979089439363602
80_side-effects,5,phrases_in_context,0.24895165695244237,0.2754448711842945,0.9346670834635824,0.631447327289778,0.9879297107527464,0.9979089439363602
80_side-effects,6,phrases_in_context,0.2638045185155,0.3802374238830444,0.9187246014379493,0.48265082838386997,0.9879297107527464,0.9979089439363602
80_side-effects,7,phrases_in_context,0.8459431957095644,0.3767631709444812,0.19506095654892153,0.5120350109409191,0.9879297107527464,0.9979089439363602
80_side-effects,8,phrases_in_context,0.2738192044180152,0.4226504162350351,0.9127852453891842,0.48921537980618945,0.9879297107527464,0.9979089439363602
80_side-effects,9,phrases_in_context,0.25435545232361956,0.3635872352249607,0.9174742106908409,0.5445451703657392,0.9879297107527464,0.9979089439363602
80_side-effects,10,phrases_in_context,0.36129998122398543,0.3139933807089035,0.8058768365114098,0.38793372929040326,0.9879297107527464,0.9979089439363602
80_side-effects,11,phrases_in_context,0.26330864344961835,0.409427493935143,0.9193497968115036,0.4926539543607377,0.9879297107527464,0.9979089439363602
80_side-effects,12,phrases_in_context,0.2863193501025003,0.2644412560809355,0.9037199124726477,0.41419193497968115,0.9879297107527464,0.9979089439363602
80_side-effects,13,phrases_in_context,0.25106228025804866,0.3827356302678704,0.9246639574867146,0.4726477024070022,0.9879297107527464,0.9979089439363602
80_side-effects,14,phrases_in_context,0.790861783677552,0.4158430957672459,0.24632697718036886,0.4957799312285089,0.9879297107527464,0.9979089439363602
80_side-effects,15,phrases_in_context,0.7247757112079678,0.3380724484519635,0.3485464207564864,0.5264145045326665,0.9879297107527464,0.9979089439363602
81_public-health,0,phrases_in_context,0.5956856785725537,0.40920297850629184,0.5236011253516724,0.4920287589871835,0.989702838357054,0.9996313382758808
81_public-health,1,phrases_in_context,0.5916111292095891,0.4052096462405752,0.4998437011566114,0.48984057517974366,0.989702838357054,0.9996313382758808
81_public-health,2,phrases_in_context,0.6655629091732744,0.4212335776470679,0.432322600812754,0.49077836824007504,0.989702838357054,0.9996313382758808
81_public-health,3,phrases_in_context,0.38698476910050794,0.6892378951178995,0.8261956861519225,0.8018130665833073,0.989702838357054,0.9996313382758808
81_public-health,4,phrases_in_context,0.597986748661673,0.4435537204779385,0.514535792435136,0.48483901219130976,0.989702838357054,0.9996313382758808
81_public-health,5,phrases_in_context,0.8277473802082316,0.3766864805375201,0.22569552985307909,0.5276648952797749,0.989702838357054,0.9996313382758808
81_public-health,6,phrases_in_context,0.40702937805809025,0.4067802153396691,0.8096280087527352,0.49640512660206315,0.989702838357054,0.9996313382758808
81_public-health,7,phrases_in_context,0.4363273061947046,0.4180350647182143,0.7661769302907159,0.5185995623632386,0.989702838357054,0.9996313382758808
81_public-health,8,phrases_in_context,0.37464376438123037,0.3487146720780514,0.8458893404188809,0.5211003438574554,0.989702838357054,0.9996313382758808
81_public-health,9,phrases_in_context,0.3991008905702238,0.37958725455807985,0.8061894341981869,0.5267271022194435,0.989702838357054,0.9996313382758808
81_public-health,10,phrases_in_context,0.4016014278770552,0.43118518656461835,0.7918099406064395,0.5026570803376055,0.989702838357054,0.9996313382758808
81_public-health,11,phrases_in_context,0.40531563229805045,0.3526702282724159,0.7949359174742107,0.5114098155673648,0.989702838357054,0.9996313382758808
81_public-health,12,phrases_in_context,0.40383008130936804,0.42466711325820605,0.795873710534542,0.47827446076899033,0.989702838357054,0.9996313382758808
81_public-health,13,phrases_in_context,0.3787413697211761,0.39781740342845007,0.8283838699593623,0.5204751484839012,0.989702838357054,0.9996313382758808
81_public-health,14,phrases_in_context,0.3806423404926418,0.3724373900130453,0.8343232260081276,0.4729603000937793,0.989702838357054,0.9996313382758808
81_public-health,15,phrases_in_context,0.3918190314885175,0.38913156225339196,0.811503594873398,0.47889965614254454,0.989702838357054,0.9996313382758808
82_federal-government,0,phrases_in_context,0.3258929524734233,0.3883253676509404,0.7993122850890904,0.45920600187558613,0.8609984644731857,0.9977457519346284
82_federal-government,1,phrases_in_context,0.2873820343383928,0.4163158024940774,0.9174742106908409,0.4679587371053454,0.8609984644731857,0.9977457519346284
82_federal-government,2,phrases_in_context,0.32530053151049687,0.3221802012911017,0.8899656142544545,0.5179743669896842,0.8609984644731857,0.9977457519346284
82_federal-government,3,phrases_in_context,0.29949639749439916,0.3448648906469014,0.8962175679899969,0.4920287589871835,0.8609984644731857,0.9977457519346284
82_federal-government,4,phrases_in_context,0.31044408958304937,0.41594698576737676,0.8940293841825571,0.4951547358549547,0.8609984644731857,0.9977457519346284
82_federal-government,5,phrases_in_context,0.6036482502311651,0.3500402521045891,0.532979055954986,0.48390121913097844,0.8609984644731857,0.9977457519346284
82_federal-government,6,phrases_in_context,0.3397589238359575,0.3957086372254728,0.8890278211941232,0.4995311034698343,0.8609984644731857,0.9977457519346284
82_federal-government,7,phrases_in_context,0.2863850490964832,0.41919107421744495,0.8977805564238824,0.49640512660206315,0.8609984644731857,0.9977457519346284
82_federal-government,8,phrases_in_context,0.3392616861033968,0.33196697398619057,0.8755861206627071,0.48452641450453265,0.8609984644731857,0.9977457519346284
82_federal-government,9,phrases_in_context,0.3203709319288299,0.42763591561639713,0.8940293841825571,0.4920287589871835,0.8609984644731857,0.9977457519346284
82_federal-government,10,phrases_in_context,0.35832904264984666,0.3920148923579865,0.8612066270709596,0.5301656767739918,0.8609984644731857,0.9977457519346284
82_federal-government,11,phrases_in_context,0.38941311632350284,0.3463424435777145,0.8405751797436699,0.5423569865582994,0.8609984644731857,0.9977457519346284
82_federal-government,12,phrases_in_context,0.34472861763221063,0.39244057335432414,0.8574554548296343,0.47889965614254454,0.8609984644731857,0.9977457519346284
82_federal-government,13,phrases_in_context,0.32102979534603104,0.4027727445986571,0.8837136605189122,0.5070334479524852,0.8609984644731857,0.9977457519346284
82_federal-government,14,phrases_in_context,0.41857852106123516,0.42305369341223087,0.8124413879337293,0.5101594248202563,0.8609984644731857,0.9977457519346284
82_federal-government,15,phrases_in_context,0.3577518216889055,0.4140872332471466,0.8336980306345733,0.4976555173491716,0.8609984644731857,0.9977457519346284
83_third-party,0,phrases_in_context,0.6384771452881159,0.5256631022108758,0.5048452641450454,0.6408252578930916,0.9492840690784133,0.9973940012987715
83_third-party,1,phrases_in_context,0.5367717025390182,0.3875965146580209,0.5645514223194749,0.5220381369177868,0.9492840690784133,0.9973940012987715
83_third-party,2,phrases_in_context,0.3893103808576013,0.3992527924913689,0.8227571115973742,0.4814004376367615,0.9492840690784133,0.9973940012987715
83_third-party,3,phrases_in_context,0.4336982401521827,0.38349510831803246,0.774617067833698,0.5548608940293842,0.9492840690784133,0.9973940012987715
83_third-party,4,phrases_in_context,0.4609198422103147,0.3404002351633111,0.7508596436386371,0.47546108158799627,0.9492840690784133,0.9973940012987715
83_third-party,5,phrases_in_context,0.41546614951308714,0.4156923196868214,0.7939981244138793,0.44763988746483274,0.9492840690784133,0.9973940012987715
83_third-party,6,phrases_in_context,0.5726171299100655,0.42662319646536484,0.5958111909971866,0.5276648952797749,0.9492840690784133,0.9973940012987715
83_third-party,7,phrases_in_context,0.4395697904931879,0.4537133561689879,0.769302907158487,0.5398562050640825,0.9492840690784133,0.9973940012987715
83_third-party,8,phrases_in_context,0.8723763435986345,0.3546652237260943,0.1766176930290716,0.4629571741169115,0.9492840690784133,0.9973940012987715
83_third-party,9,phrases_in_context,0.4245864296168167,0.4150252501913321,0.7789934354485777,0.49796811503594873,0.9492840690784133,0.9973940012987715
83_third-party,10,phrases_in_context,0.3576826553047028,0.4134888023761327,0.8549546733354173,0.5236011253516724,0.9492840690784133,0.9973940012987715
83_third-party,11,phrases_in_context,0.36265671791135046,0.4310206453146408,0.8546420756486403,0.5154735854954673,0.9492840690784133,0.9973940012987715
83_third-party,12,phrases_in_context,0.42571658427710624,0.41428783188229445,0.7868083776180056,0.5079712410128165,0.9492840690784133,0.9973940012987715
83_third-party,13,phrases_in_context,0.392311996032497,0.4136360457262229,0.8215067208502657,0.5098468271334792,0.9492840690784133,0.9973940012987715
83_third-party,14,phrases_in_context,0.4318041128659018,0.4161912397608891,0.772116286339481,0.48952797749296656,0.9492840690784133,0.9973940012987715
83_third-party,15,phrases_in_context,0.469418026931536,0.4141623797583778,0.7277274148171303,0.5004688965301657,0.9492840690784133,0.9973940012987715
84_clinical-trials,0,phrases_in_context,0.3585581430293605,0.43200982384138387,0.8030634573304157,0.4673335417317912,0.9436463350289518,0.998849200443747
84_clinical-trials,1,phrases_in_context,0.5840573012397017,0.3016311901679696,0.5339168490153173,0.5211003438574554,0.9436463350289518,0.998849200443747
84_clinical-trials,2,phrases_in_context,0.5209926037245209,0.26723070161166707,0.6370740856517662,0.4498280712722726,0.9436463350289518,0.998849200443747
84_clinical-trials,3,phrases_in_context,0.6687988292396994,0.4170892950993259,0.4442013129102845,0.5020318849640513,0.9436463350289518,0.998849200443747
84_clinical-trials,4,phrases_in_context,0.218625324949677,0.34120245034972463,0.9596748984057518,0.530478274460769,0.9436463350289518,0.998849200443747
84_clinical-trials,5,phrases_in_context,0.21415909132301358,0.4249239056346439,0.9643638637074086,0.5010940919037199,0.9436463350289518,0.998849200443747
84_clinical-trials,6,phrases_in_context,0.6003521768320292,0.42378393570603,0.46014379493591745,0.5004688965301657,0.9436463350289518,0.998849200443747
84_clinical-trials,7,phrases_in_context,0.8237801858032701,0.3888816643981041,0.24413879337292904,0.5207877461706784,0.9436463350289518,0.998849200443747
84_clinical-trials,8,phrases_in_context,0.19873011764253334,0.3652337567485293,0.9649890590809628,0.469521725539231,0.9436463350289518,0.998849200443747
84_clinical-trials,9,phrases_in_context,0.7470124251842325,0.39923489162142634,0.34073147858705843,0.5048452641450454,0.9436463350289518,0.998849200443747
84_clinical-trials,10,phrases_in_context,0.2197762253741653,0.3612250220616451,0.9593623007189747,0.47858705845576743,0.9436463350289518,0.998849200443747
84_clinical-trials,11,phrases_in_context,0.23594919589313834,0.39501977017828893,0.9452954048140044,0.5182869646764614,0.9436463350289518,0.998849200443747
84_clinical-trials,12,phrases_in_context,0.2543204623737343,0.3883046455103698,0.949671772428884,0.47014692091278526,0.9436463350289518,0.998849200443747
84_clinical-trials,13,phrases_in_context,0.22276715380594725,0.3748480679589583,0.949359174742107,0.48483901219130976,0.9436463350289518,0.998849200443747
84_clinical-trials,14,phrases_in_context,0.23222789853714643,0.4185599767136414,0.9459206001875586,0.5157861831822445,0.9436463350289518,0.998849200443747
84_clinical-trials,15,phrases_in_context,0.26159087869144737,0.3962436147750694,0.9431072210065645,0.5035948733979368,0.9436463350289518,0.998849200443747
85_mental-health,0,phrases_in_context,0.49610894845039444,0.18851471606789238,0.623319787433573,0.3047827446076899,0.9796559608203907,0.9987460428053465
85_mental-health,1,phrases_in_context,0.5128260239919118,0.4354449589592495,0.5964363863707408,0.5242263207252267,0.9796559608203907,0.9987460428053465
85_mental-health,2,phrases_in_context,0.832937610586721,0.35097852095924575,0.22319474835886213,0.5751797436698969,0.9796559608203907,0.9987460428053465
85_mental-health,3,phrases_in_context,0.7633868598186955,0.3774405227218032,0.30572053766802126,0.5207877461706784,0.9796559608203907,0.9987460428053465
85_mental-health,4,phrases_in_context,0.5106777270202076,0.27612532628857434,0.6089402938418256,0.38261956861519225,0.9796559608203907,0.9987460428053465
85_mental-health,5,phrases_in_context,0.3800174250765289,0.40621183896032287,0.8177555486089403,0.49452954048140046,0.9796559608203907,0.9987460428053465
85_mental-health,6,phrases_in_context,0.8493859380316373,0.40804601966233056,0.20037511722413254,0.5098468271334792,0.9796559608203907,0.9987460428053465
85_mental-health,7,phrases_in_context,0.31838393209532545,0.41125955296125305,0.8640200062519537,0.4954673335417318,0.9796559608203907,0.9987460428053465
85_mental-health,8,phrases_in_context,0.3510603532197709,0.4208498035306196,0.8371366051891216,0.5273522975929978,0.9796559608203907,0.9987460428053465
85_mental-health,9,phrases_in_context,0.36796133932082964,0.39405903256973596,0.8215067208502657,0.5267271022194435,0.9796559608203907,0.9987460428053465
85_mental-health,10,phrases_in_context,0.33344543625546685,0.40250486524461615,0.8521412941544233,0.4885901844326352,0.9796559608203907,0.9987460428053465
85_mental-health,11,phrases_in_context,0.3475225316384798,0.1446932345874996,0.8455767427321038,0.5470459518599562,0.9796559608203907,0.9987460428053465
85_mental-health,12,phrases_in_context,0.3158257603374779,0.3456442549740639,0.8755861206627071,0.5114098155673648,0.9796559608203907,0.9987460428053465
85_mental-health,13,phrases_in_context,0.6700492163476877,0.3474878706469675,0.4313848077524226,0.532979055954986,0.9796559608203907,0.9987460428053465
85_mental-health,14,phrases_in_context,0.3300148707376924,0.32266112613092135,0.8468271334792122,0.5351672397624258,0.9796559608203907,0.9987460428053465
85_mental-health,15,phrases_in_context,0.333879676383962,0.3956325160291112,0.849015317286652,0.5129728040012503,0.9796559608203907,0.9987460428053465
87_glue_cola,0,glue_misc,0.45387896495246105,0.4245900760420396,0.7563512702540508,0.5181036207241448,0.6655421963081964,0.789304017360327
87_glue_cola,1,glue_misc,0.4502760565470416,0.42091219881204944,0.7579515903180636,0.5013002600520104,0.6655421963081964,0.789304017360327
87_glue_cola,2,glue_misc,0.6149270223361012,0.4222433467542537,0.5169033806761353,0.4996999399879976,0.6655421963081964,0.789304017360327
87_glue_cola,3,glue_misc,0.4677479456271949,0.42383585817328573,0.7399479895979196,0.4918983796759352,0.6655421963081964,0.789304017360327
87_glue_cola,4,glue_misc,0.42777747140315303,0.3929357697422977,0.7865573114622925,0.47749549909982,0.6655421963081964,0.789304017360327
87_glue_cola,5,glue_misc,0.6485236677097024,0.29507322828647586,0.47109421884376873,0.5189037807561512,0.6655421963081964,0.789304017360327
87_glue_cola,6,glue_misc,0.46384905175006197,0.39456219862384323,0.7509501900380076,0.4878975795159032,0.6655421963081964,0.789304017360327
87_glue_cola,7,glue_misc,0.6617507310550588,0.40559829917206724,0.45349069813962795,0.4860972194438888,0.6655421963081964,0.789304017360327
87_glue_cola,8,glue_misc,0.6264813101611002,0.3828161656946327,0.5003000600120024,0.5061012202440488,0.6655421963081964,0.789304017360327
87_glue_cola,9,glue_misc,0.6014523732319108,0.41788444203972785,0.536507301460292,0.5063012602520504,0.6655421963081964,0.789304017360327
87_glue_cola,10,glue_misc,0.5693433202831737,0.4250653764734864,0.5963192638527706,0.5011002200440088,0.6655421963081964,0.789304017360327
87_glue_cola,11,glue_misc,0.6778962847619279,0.4258647254163601,0.4336867373474695,0.4958991798359672,0.6655421963081964,0.789304017360327
87_glue_cola,12,glue_misc,0.5029464765822302,0.391651983997076,0.6951390278055611,0.4916983396679336,0.6655421963081964,0.789304017360327
87_glue_cola,13,glue_misc,0.6887031768334817,0.42671674111663993,0.4148829765953191,0.5009001800360072,0.6655421963081964,0.789304017360327
87_glue_cola,14,glue_misc,0.551428523116358,0.4329428095821686,0.6253250650130026,0.5193038607721544,0.6655421963081964,0.789304017360327
87_glue_cola,15,glue_misc,0.5947882410533936,0.3999996806815389,0.5341068213642729,0.5023004600920185,0.6655421963081964,0.789304017360327
89_glue_mrpc,0,other,0.29937750457348833,0.40621889254047994,0.9237536656891495,0.5077503142019271,0.7357990879377835,0.8621679348551595
89_glue_mrpc,1,other,0.24172769380017112,0.40249876816794883,0.9488898198575618,0.5165479681608713,0.7357990879377835,0.8621679348551595
89_glue_mrpc,2,other,0.2876847431908087,0.3103088793629869,0.8910766652702137,0.4930875576036866,0.7357990879377835,0.8621679348551595
89_glue_mrpc,3,other,0.2529912636135865,0.19057557149366877,0.9250104733975701,0.4893171344784248,0.7357990879377835,0.8621679348551595
89_glue_mrpc,4,other,0.40584212831766386,0.3774776532030275,0.7628822790113112,0.5056556346878928,0.7357990879377835,0.8621679348551595
89_glue_mrpc,5,other,0.30423385077724285,0.4114291578956599,0.873900293255132,0.5039798910766653,0.7357990879377835,0.8621679348551595
89_glue_mrpc,6,other,0.23823493424137765,0.40162031336179926,0.9384164222873901,0.5362379555927943,0.7357990879377835,0.8621679348551595
89_glue_mrpc,7,other,0.2255962232312807,0.40508091116725375,0.9447004608294931,0.508169250104734,0.7357990879377835,0.8621679348551595
89_glue_mrpc,8,other,0.16989957777037734,0.2716720795150922,0.9752827817343946,0.4901550062840385,0.7357990879377835,0.8621679348551595
89_glue_mrpc,9,other,0.23315149253284728,0.40930440844999283,0.9648093841642229,0.4805194805194805,0.7357990879377835,0.8621679348551595
89_glue_mrpc,10,other,0.22140949734644289,0.4223942189818375,0.9442815249266863,0.5148722245496439,0.7357990879377835,0.8621679348551595
89_glue_mrpc,11,other,0.7731741331672566,0.287242138017731,0.2819438625890239,0.5429409300377043,0.7357990879377835,0.8621679348551595
89_glue_mrpc,12,other,0.7972905407286066,0.41404331232008174,0.25219941348973607,0.5266024298282362,0.7357990879377835,0.8621679348551595
89_glue_mrpc,13,other,0.8005195107498395,0.32162107651461236,0.23921240050272308,0.5278592375366569,0.7357990879377835,0.8621679348551595
89_glue_mrpc,14,other,0.9331314646920501,0.38819383722572987,0.09216589861751152,0.5031420192710515,0.7357990879377835,0.8621679348551595
89_glue_mrpc,15,other,0.8283729373917177,0.4060005122774677,0.2090490155006284,0.49518223711772097,0.7357990879377835,0.8621679348551595
90_glue_qnli,0,glue_misc,0.3756935965035537,0.41349979205864984,0.8317663532706542,0.5097019403880776,0.7811715537310425,0.8685479763330866
90_glue_qnli,1,glue_misc,0.16282727223636595,0.4030850858313644,0.9815963192638528,0.48669733946789356,0.7811715537310425,0.8685479763330866
90_glue_qnli,2,glue_misc,0.46084194734105277,0.42432983101069954,0.7053410682136427,0.500500100020004,0.7811715537310425,0.8685479763330866
90_glue_qnli,3,glue_misc,0.5203510699319656,0.42842578276279775,0.6417283456691338,0.5013002600520104,0.7811715537310425,0.8685479763330866
90_glue_qnli,4,glue_misc,0.8602303083337264,0.4092515998764592,0.1802360472094419,0.48469693938787756,0.7811715537310425,0.8685479763330866
90_glue_qnli,5,glue_misc,0.5404060108732511,0.31239322666458125,0.6119223844768954,0.500500100020004,0.7811715537310425,0.8685479763330866
90_glue_qnli,6,glue_misc,0.8809539737933818,0.40056482446908337,0.13822764552910582,0.4928985797159432,0.7811715537310425,0.8685479763330866
90_glue_qnli,7,glue_misc,0.48829400653813604,0.3337251872156488,0.6831366273254651,0.5107021404280856,0.7811715537310425,0.8685479763330866
90_glue_qnli,8,glue_misc,0.6042062269620097,0.42213882054648866,0.5161032206441288,0.5087017403480696,0.7811715537310425,0.8685479763330866
90_glue_qnli,9,glue_misc,0.6892122532291685,0.4253662474485942,0.39347869573914784,0.50250050010002,0.7811715537310425,0.8685479763330866
90_glue_qnli,10,glue_misc,0.7483285559512398,0.4136396774256066,0.3170634126825365,0.4948989797959592,0.7811715537310425,0.8685479763330866
90_glue_qnli,11,glue_misc,0.8181110505409657,0.40412591730082204,0.22864572914582917,0.5139027805561113,0.7811715537310425,0.8685479763330866
90_glue_qnli,12,glue_misc,0.7123505856437204,0.37766315931799066,0.38787757551510305,0.50250050010002,0.7811715537310425,0.8685479763330866
90_glue_qnli,13,glue_misc,0.45459440223197833,0.375416677076019,0.7301460292058412,0.499499899979996,0.7811715537310425,0.8685479763330866
90_glue_qnli,14,glue_misc,0.5931760914904856,0.399552296357212,0.5393078615723145,0.48869773954790957,0.7811715537310425,0.8685479763330866
90_glue_qnli,15,glue_misc,0.660843984329271,0.42909552300870457,0.4328865773154631,0.5245049009801961,0.7811715537310425,0.8685479763330866
91_glue_qqp,0,glue_misc,0.3584189123695505,0.40758856088363493,0.8483696739347869,0.4882976595319064,0.8013756925042961,0.8791237611881657
91_glue_qqp,1,glue_misc,0.4407095697652397,0.40653977279616904,0.7713542708541709,0.4908981796359272,0.8013756925042961,0.8791237611881657
91_glue_qqp,2,glue_misc,0.46097246424813676,0.23172448387867672,0.7439487897579516,0.5023004600920185,0.8013756925042961,0.8791237611881657
91_glue_qqp,3,glue_misc,0.34409405105721325,0.4027195337319698,0.8291658331666333,0.5103020604120824,0.8013756925042961,0.8791237611881657
91_glue_qqp,4,glue_misc,0.4394635669845586,0.4223310497920285,0.7689537907581516,0.5003000600120024,0.8013756925042961,0.8791237611881657
91_glue_qqp,5,glue_misc,0.41248070784147095,0.4268674075884782,0.8027605521104221,0.4912982596519304,0.8013756925042961,0.8791237611881657
91_glue_qqp,6,glue_misc,0.7025543349033097,0.38685403343014424,0.3814762952590518,0.5195039007801561,0.8013756925042961,0.8791237611881657
91_glue_qqp,7,glue_misc,0.5320850278329781,0.40277785625336904,0.6467293458691739,0.5283056611322264,0.8013756925042961,0.8791237611881657
91_glue_qqp,8,glue_misc,0.5044914051769003,0.3429160657940138,0.6895379075815163,0.484496899379876,0.8013756925042961,0.8791237611881657
91_glue_qqp,9,glue_misc,0.529052405483293,0.3813045816641374,0.5907181436287258,0.495499099819964,0.8013756925042961,0.8791237611881657
91_glue_qqp,10,glue_misc,0.14921323263696218,0.41351165116692723,0.993998799759952,0.493498699739948,0.8013756925042961,0.8791237611881657
91_glue_qqp,11,glue_misc,0.21991350543214905,0.3467452230770536,0.9499899979995999,0.48869773954790957,0.8013756925042961,0.8791237611881657
91_glue_qqp,12,glue_misc,0.8403145220040569,0.4214589199411498,0.21504300860172035,0.5229045809161832,0.8013756925042961,0.8791237611881657
91_glue_qqp,13,glue_misc,0.8413051293792182,0.4195251532406241,0.21204240848169634,0.499499899979996,0.8013756925042961,0.8791237611881657
91_glue_qqp,14,glue_misc,0.8377186594056272,0.2977338381027801,0.22044408881776356,0.5143028605721144,0.8013756925042961,0.8791237611881657
91_glue_qqp,15,glue_misc,0.8529332398459333,0.4196001365844233,0.19683936787357473,0.4902980596119224,0.8013756925042961,0.8791237611881657
92_glue_sst2,0,glue_misc,0.24056026170847233,0.3785629792654637,0.9757951590318064,0.4878975795159032,0.648665900789741,0.9343985402095512
92_glue_sst2,1,glue_misc,0.2313423046786185,0.28385349572768814,0.9811962392478496,0.49529905981196237,0.648665900789741,0.9343985402095512
92_glue_sst2,2,glue_misc,0.2142630783799755,0.32412972762319203,0.9913982796559312,0.5287057411482297,0.648665900789741,0.9343985402095512
92_glue_sst2,3,glue_misc,0.21603806217748756,0.32371557113089633,0.985997199439888,0.4890978195639128,0.648665900789741,0.9343985402095512
92_glue_sst2,4,glue_misc,0.18998105732905235,0.4232101454469761,0.99499899979996,0.5041008201640328,0.648665900789741,0.9343985402095512
92_glue_sst2,5,glue_misc,0.21602839937976648,0.41332767067693377,0.9829965993198639,0.4998999799959992,0.648665900789741,0.9343985402095512
92_glue_sst2,6,glue_misc,0.1667474299826286,0.4272207775396466,0.9971994398879775,0.5027005401080216,0.648665900789741,0.9343985402095512
92_glue_sst2,7,glue_misc,0.20382427787300528,0.3197905365052214,0.9731946389277856,0.5073014602920584,0.648665900789741,0.9343985402095512
92_glue_sst2,8,glue_misc,0.1462002836078422,0.31771139739529697,0.9921984396879376,0.5087017403480696,0.648665900789741,0.9343985402095512
92_glue_sst2,9,glue_misc,0.536218054339973,0.33367026554097623,0.5933186637327466,0.480496099219844,0.648665900789741,0.9343985402095512
92_glue_sst2,10,glue_misc,0.2464166453253358,0.42169571707783526,0.8911782356471294,0.4906981396279256,0.648665900789741,0.9343985402095512
92_glue_sst2,11,glue_misc,0.2632158080845919,0.43117652959498587,0.8639727945589117,0.5371074214842969,0.648665900789741,0.9343985402095512
92_glue_sst2,12,glue_misc,0.14520562898260803,0.43854145906095776,0.9911982396479296,0.5107021404280856,0.648665900789741,0.9343985402095512
92_glue_sst2,13,glue_misc,0.3503360947963008,0.4248805063714596,0.7839567913582717,0.5097019403880776,0.648665900789741,0.9343985402095512
92_glue_sst2,14,glue_misc,0.8711708125999109,0.1701373455012667,0.16723344668933787,0.4488897779555911,0.648665900789741,0.9343985402095512
92_glue_sst2,15,glue_misc,0.16469457890548034,0.4145928271366799,0.9913982796559312,0.4812962592518504,0.648665900789741,0.9343985402095512
94_ai_gen,0,other,0.47021568680718717,0.3510972431140489,0.7751550310062012,0.5245049009801961,0.9348015622674142,0.9965955774911169
94_ai_gen,1,other,0.5091947028426389,0.44695575285332856,0.6607321464292859,0.4490898179635927,0.9348015622674142,0.9965955774911169
94_ai_gen,2,other,0.30676658966643466,0.4377649519664557,0.8925785157031406,0.494498899779956,0.9348015622674142,0.9965955774911169
94_ai_gen,3,other,0.3130435401886713,0.39592924329877555,0.8641728345669134,0.4992998599719944,0.9348015622674142,0.9965955774911169
94_ai_gen,4,other,0.367615520602931,0.3893754840890711,0.7843568713742749,0.5233046609321864,0.9348015622674142,0.9965955774911169
94_ai_gen,5,other,0.5014548722778098,0.39237560247604364,0.6837367473494699,0.496499299859972,0.9348015622674142,0.9965955774911169
94_ai_gen,6,other,0.7590529416460896,0.3972989702641576,0.369873974794959,0.5319063812762552,0.9348015622674142,0.9965955774911169
94_ai_gen,7,other,0.75163129321299,0.4233093942173649,0.3786757351470294,0.5059011802360472,0.9348015622674142,0.9965955774911169
94_ai_gen,8,other,0.4368183889643005,0.39536672978420295,0.762752550510102,0.5217043408681736,0.9348015622674142,0.9965955774911169
94_ai_gen,9,other,0.7790644161619085,0.3956419720973394,0.33726745349069814,0.5083016603320664,0.9348015622674142,0.9965955774911169
94_ai_gen,10,other,0.7686202453008337,0.31667876166433184,0.35327065413082614,0.5813162632526505,0.9348015622674142,0.9965955774911169
94_ai_gen,11,other,0.7840792925889633,0.4047019057289949,0.3272654530906181,0.5059011802360472,0.9348015622674142,0.9965955774911169
94_ai_gen,12,other,0.8727538607420426,0.4072792433397341,0.254250850170034,0.505501100220044,0.9348015622674142,0.9965955774911169
94_ai_gen,13,other,0.7908399258620284,0.16493811016874327,0.3036607321464293,0.5259051810362072,0.9348015622674142,0.9965955774911169
94_ai_gen,14,other,0.7943884139262898,0.40629605966061066,0.30966193238647727,0.5131026205241048,0.9348015622674142,0.9965955774911169
94_ai_gen,15,other,0.8132594324125333,0.40751992806069226,0.27285457091418286,0.46409281856371276,0.9348015622674142,0.9965955774911169
95_toxic_is,0,other,0.6589473168216091,0.37777934138130287,0.4759284731774415,0.4786795048143054,0.780408163265306,0.9751020408163265
95_toxic_is,1,other,0.6461271399276796,0.4143158763460586,0.4965612104539202,0.47455295735900965,0.780408163265306,0.9751020408163265
95_toxic_is,2,other,0.6334828104143828,0.33092168619480855,0.515818431911967,0.49931224209078406,0.780408163265306,0.9751020408163265
95_toxic_is,3,other,0.868770857825961,0.42364571326519873,0.171939477303989,0.5061898211829436,0.780408163265306,0.9751020408163265
95_toxic_is,4,other,0.6621738432806845,0.41941750578939185,0.4718019257221458,0.515818431911967,0.780408163265306,0.9751020408163265
95_toxic_is,5,other,0.6579106115791125,0.4287539067134396,0.4759284731774415,0.5213204951856947,0.780408163265306,0.9751020408163265
95_toxic_is,6,other,0.6418486876718255,0.47712202034564744,0.49793672627235214,0.41815680880330125,0.780408163265306,0.9751020408163265
95_toxic_is,7,other,0.7038729655766423,0.4085806942784178,0.41815680880330125,0.5020632737276479,0.780408163265306,0.9751020408163265
95_toxic_is,8,other,0.7849497848657778,0.41466276053871054,0.2792297111416781,0.5020632737276479,0.780408163265306,0.9751020408163265
95_toxic_is,9,other,0.7039887735457173,0.42907794373267394,0.40852819807427787,0.4855570839064649,0.780408163265306,0.9751020408163265
95_toxic_is,10,other,0.7000868727339915,0.43316179303775115,0.4264099037138927,0.47455295735900965,0.780408163265306,0.9751020408163265
95_toxic_is,11,other,0.9023789191429976,0.4157536263980819,0.14580467675378267,0.5020632737276479,0.780408163265306,0.9751020408163265
95_toxic_is,12,other,0.6858892535401442,0.4334067364274705,0.41815680880330125,0.5103163686382394,0.780408163265306,0.9751020408163265
95_toxic_is,13,other,0.7055270576745725,0.4240478502222189,0.4167812929848693,0.47730398899587345,0.780408163265306,0.9751020408163265
95_toxic_is,14,other,0.6877994534027327,0.42686509536049355,0.437414030261348,0.48693259972489683,0.780408163265306,0.9751020408163265
95_toxic_is,15,other,0.926979092585777,0.4326837949309359,0.08940852819807428,0.48693259972489683,0.780408163265306,0.9751020408163265
96_spam_is,0,other,0.5621110541833079,0.4131419008588013,0.5559276624246483,0.49631614199598123,0.9959810874704492,0.9995999272595018
96_spam_is,1,other,0.5982071918619216,0.37141656123003464,0.5351640991292699,0.44675150703281985,0.9959810874704492,0.9995999272595018
96_spam_is,2,other,0.42494803348900057,0.4035178081176547,0.7655726724715338,0.477561955793704,0.9959810874704492,0.9995999272595018
96_spam_is,3,other,0.5671113860865753,0.39373720274161683,0.5987943737441394,0.49095780308104486,0.9959810874704492,0.9995999272595018
96_spam_is,4,other,0.5469522955095794,0.3623918394536987,0.5726724715338245,0.46416610850636303,0.9959810874704492,0.9995999272595018
96_spam_is,5,other,0.3519491456988102,0.431000869276007,0.8533154722036169,0.535833891493637,0.9959810874704492,0.9995999272595018
96_spam_is,6,other,0.5147201472300227,0.33377566673456394,0.6724715338245144,0.5157401205626256,0.9959810874704492,0.9995999272595018
96_spam_is,7,other,0.5300256794830933,0.3484061678220556,0.6450100468854655,0.5418620227729404,0.9959810874704492,0.9995999272595018
96_spam_is,8,other,0.5617188588902609,0.4157578700872282,0.6095110515740121,0.5264567983924984,0.9959810874704492,0.9995999272595018
96_spam_is,9,other,0.5184484471648878,0.4067806804772238,0.6684527796383122,0.5331547220361688,0.9959810874704492,0.9995999272595018
96_spam_is,10,other,0.5603457298510721,0.3686405180369263,0.5545880776959142,0.46282652377762895,0.9959810874704492,0.9995999272595018
96_spam_is,11,other,0.5592111835351758,0.3757509974083342,0.6028131279303416,0.4594775619557937,0.9959810874704492,0.9995999272595018
96_spam_is,12,other,0.5304169004960018,0.4151966615106104,0.6436704621567314,0.49765572672471536,0.9959810874704492,0.9995999272595018
96_spam_is,13,other,0.5413514679574194,0.42357687678580747,0.6262558606831882,0.5411922304085733,0.9959810874704492,0.9995999272595018
96_spam_is,14,other,0.6043705492465878,0.4304468872214038,0.5097119892833222,0.5311453449430676,0.9959810874704492,0.9995999272595018
96_spam_is,15,other,0.5817295750784548,0.37890481914848473,0.5592766242464836,0.5204286671131949,0.9959810874704492,0.9995999272595018
100_news_fake,0,other,0.5911216346102937,0.422125250582456,0.5319012504007695,0.495992305226034,0.9999726590695334,0.9993128312809407
100_news_fake,1,other,0.5714565444984749,0.36917626898729394,0.5033664636101315,0.5107406219942289,0.9999726590695334,0.9993128312809407
100_news_fake,2,other,0.602010994591776,0.2966372918500255,0.5197178582879128,0.5597948060275729,0.9999726590695334,0.9993128312809407
100_news_fake,3,other,0.5868965078452444,0.2601380944462326,0.4844501442770119,0.47675537031099713,0.9999726590695334,0.9993128312809407
100_news_fake,4,other,0.6269247587454116,0.38470736461856836,0.5261301699262584,0.5238858608528374,0.9999726590695334,0.9993128312809407
100_news_fake,5,other,0.626752299222926,0.4575774240328092,0.5274126322539275,0.45944212888746394,0.9999726590695334,0.9993128312809407
100_news_fake,6,other,0.6445737656280623,0.3705043461401003,0.5123436999038153,0.5123436999038153,0.9999726590695334,0.9993128312809407
100_news_fake,7,other,0.6649395581784816,0.32940439511725317,0.4886181468419365,0.47835844822058354,0.9999726590695334,0.9993128312809407
100_news_fake,8,other,0.6703937960601178,0.32465341202824405,0.48316768194934273,0.4889387624238538,0.9999726590695334,0.9993128312809407
100_news_fake,9,other,0.6769313055342263,0.31519358391152963,0.46970182750881695,0.5376723308752805,0.9999726590695334,0.9993128312809407
100_news_fake,10,other,0.7175063448190309,0.4882180753019072,0.32446296890028853,0.41968579672972106,0.9999726590695334,0.9993128312809407
100_news_fake,11,other,0.761902601945847,0.2673948523251719,0.26322539275408785,0.5158704713049054,0.9999726590695334,0.9993128312809407
100_news_fake,12,other,0.6303544594861403,0.38033959296302644,0.4690605963449824,0.4770759858929144,0.9999726590695334,0.9993128312809407
100_news_fake,13,other,0.7632152498422571,0.31380420440493184,0.25745431227957677,0.5812760500160308,0.9999726590695334,0.9993128312809407
100_news_fake,14,other,0.7732751321202767,0.4074525296537297,0.25681308111574225,0.5056107726835524,0.9999726590695334,0.9993128312809407
100_news_fake,15,other,0.7684354948469665,0.3546945824431429,0.2539275408784867,0.6120551458800898,0.9999726590695334,0.9993128312809407
105_click_bait,0,other,0.4935670463988322,0.450273856767603,0.6556291390728477,0.4955200623295676,0.9985601768781543,0.9998756745495723
105_click_bait,1,other,0.3462205272797818,0.30378043071995897,0.913517724970783,0.4803272302298403,0.9985601768781543,0.9998756745495723
105_click_bait,2,other,0.5441984189957318,0.39052987039128784,0.5703155434359174,0.3802103622906116,0.9985601768781543,0.9998756745495723
105_click_bait,3,other,0.5515080724705619,0.17041654404428175,0.567978184651344,0.48461238800155826,0.9985601768781543,0.9998756745495723
105_click_bait,4,other,0.5667578388373133,0.36885550036067616,0.539150759641605,0.44370860927152317,0.9985601768781543,0.9998756745495723
105_click_bait,5,other,0.5197225655771196,0.3930327177436117,0.6474483833268406,0.4892871055707051,0.9985601768781543,0.9998756745495723
105_click_bait,6,other,0.5701627264483615,0.3517110693174905,0.5356447214647448,0.46435527853525516,0.9985601768781543,0.9998756745495723
105_click_bait,7,other,0.5610333704593646,0.398531596551539,0.5586287495130503,0.44877288663809894,0.9985601768781543,0.9998756745495723
105_click_bait,8,other,0.5625514335234585,0.43510007250404237,0.5336969224776004,0.5644721464744838,0.9985601768781543,0.9998756745495723
105_click_bait,9,other,0.567373379296479,0.34662432675508126,0.5294117647058824,0.4912349045578496,0.9985601768781543,0.9998756745495723
105_click_bait,10,other,0.5465821952958703,0.4599108981144795,0.6081028437865212,0.5025321386832878,0.9985601768781543,0.9998756745495723
105_click_bait,11,other,0.5658316882711971,0.23216079799809086,0.5321386832878847,0.49474094273470975,0.9985601768781543,0.9998756745495723
105_click_bait,12,other,0.5726777728259917,0.3448168503804978,0.5220101285547332,0.48967666536813403,0.9985601768781543,0.9998756745495723
105_click_bait,13,other,0.5683003034664229,0.2923942308774987,0.5278535255161667,0.47876899104012466,0.9985601768781543,0.9998756745495723
105_click_bait,14,other,0.5646496872392819,0.35928798973082987,0.5399298792364629,0.5336969224776004,0.9985601768781543,0.9998756745495723
105_click_bait,15,other,0.5208294210355622,0.3769314205724117,0.6603038566419945,0.5418776782236073,0.9985601768781543,0.9998756745495723
106_hate_hate,0,other,0.48508950134483486,0.38818869698599223,0.7661532306461293,0.4574914982996599,0.6360958908964608,0.6941513195934541
106_hate_hate,1,other,0.6714813386886931,0.3892868521382431,0.47329465893178635,0.5347069413882777,0.6360958908964608,0.6941513195934541
106_hate_hate,2,other,0.6426458852090806,0.43668518974314674,0.5173034606921384,0.5381076215243049,0.6360958908964608,0.6941513195934541
106_hate_hate,3,other,0.626790814518879,0.41083363239275505,0.5517103420684136,0.5043008601720345,0.6360958908964608,0.6941513195934541
106_hate_hate,4,other,0.61972708516369,0.4237493334897451,0.5571114222844569,0.5107021404280856,0.6360958908964608,0.6941513195934541
106_hate_hate,5,other,0.6443493435554,0.38142416577559257,0.5087017403480696,0.5381076215243049,0.6360958908964608,0.6941513195934541
106_hate_hate,6,other,0.6491857034195339,0.4043530756206051,0.5027005401080216,0.5003000600120024,0.6360958908964608,0.6941513195934541
106_hate_hate,7,other,0.6831005194787143,0.40486958877529533,0.4380876175235047,0.4982996599319864,0.6360958908964608,0.6941513195934541
106_hate_hate,8,other,0.6313720556665547,0.4144923459676204,0.5343068613722745,0.4940988197639528,0.6360958908964608,0.6941513195934541
106_hate_hate,9,other,0.6701454500676742,0.4276539198268132,0.4526905381076215,0.5197039407881576,0.6360958908964608,0.6941513195934541
106_hate_hate,10,other,0.6794772923883763,0.42118998264687457,0.4606921384276855,0.4946989397879576,0.6360958908964608,0.6941513195934541
106_hate_hate,11,other,0.6410188660550782,0.39777577895839067,0.5103020604120824,0.4896979395879176,0.6360958908964608,0.6941513195934541
106_hate_hate,12,other,0.7367310228945145,0.37916422141413,0.357871574314863,0.5003000600120024,0.6360958908964608,0.6941513195934541
106_hate_hate,13,other,0.7994174594799968,0.3950382263684318,0.26865373074614923,0.5087017403480696,0.6360958908964608,0.6941513195934541
106_hate_hate,14,other,0.9247515081226956,0.4086566776514793,0.09101820364072814,0.4936987397479496,0.6360958908964608,0.6941513195934541
106_hate_hate,15,other,0.9233932811606977,0.4018456192920066,0.09221844368873774,0.49429885977195437,0.6360958908964608,0.6941513195934541
107_hate_offensive,0,other,0.6230773525967126,0.39161596046316194,0.5707141428285657,0.5061012202440488,0.791704175733819,0.880976852559747
107_hate_offensive,1,other,0.6623639244177348,0.42564651108290774,0.4380876175235047,0.5043008601720345,0.791704175733819,0.880976852559747
107_hate_offensive,2,other,0.7646716854730875,0.4046207763163785,0.3350670134026805,0.48369673934786955,0.791704175733819,0.880976852559747
107_hate_offensive,3,other,0.6334714979761467,0.42905631699440727,0.511502300460092,0.5377075415083017,0.791704175733819,0.880976852559747
107_hate_offensive,4,other,0.8770096188183802,0.3600930169074501,0.16503300660132025,0.4870974194838968,0.791704175733819,0.880976852559747
107_hate_offensive,5,other,0.898319751753732,0.40128274481862847,0.15023004600920184,0.49749949989998,0.791704175733819,0.880976852559747
107_hate_offensive,6,other,0.8970669570871743,0.36842713956851547,0.1294258851770354,0.5221044208841769,0.791704175733819,0.880976852559747
107_hate_offensive,7,other,0.9020771454682366,0.4027256950766511,0.12382476495299059,0.4574914982996599,0.791704175733819,0.880976852559747
107_hate_offensive,8,other,0.8976797412369641,0.42829127488704355,0.1294258851770354,0.5149029805961193,0.791704175733819,0.880976852559747
107_hate_offensive,9,other,0.8863359296715376,0.4120374878622779,0.14322864572914584,0.5071014202840568,0.791704175733819,0.880976852559747
107_hate_offensive,10,other,0.6388771261975117,0.3979214294103357,0.5249049809961992,0.5009001800360072,0.791704175733819,0.880976852559747
107_hate_offensive,11,other,0.7167420044261792,0.4270504270029256,0.3670734146829366,0.48009601920384076,0.791704175733819,0.880976852559747
107_hate_offensive,12,other,0.898812783792555,0.40564960668840655,0.1252250450090018,0.5127025405081016,0.791704175733819,0.880976852559747
107_hate_offensive,13,other,0.8967374976651299,0.4035612129428121,0.13202640528105622,0.4860972194438888,0.791704175733819,0.880976852559747
107_hate_offensive,14,other,0.8197076186599921,0.4029023731461805,0.2388477695539108,0.5255051010202041,0.791704175733819,0.880976852559747
107_hate_offensive,15,other,0.9076242183467025,0.4295583038685784,0.11722344468893779,0.48669733946789356,0.791704175733819,0.880976852559747
110_aimade_humangpt3,0,other,0.6543360834232819,0.49914848446375526,0.5053010602120425,0.6325265053010602,0.7568536533747022,0.9450963455620486
110_aimade_humangpt3,1,other,0.6493376989859025,0.4140115116133134,0.5133026605321064,0.4998999799959992,0.7568536533747022,0.9450963455620486
110_aimade_humangpt3,2,other,0.6558487591082529,0.4224582826232388,0.4956991398279656,0.47889577915583115,0.7568536533747022,0.9450963455620486
110_aimade_humangpt3,3,other,0.6659790970527721,0.4063095224976996,0.47709541908381675,0.4996999399879976,0.7568536533747022,0.9450963455620486
110_aimade_humangpt3,4,other,0.663243010879325,0.3996549649368717,0.4796959391878376,0.4882976595319064,0.7568536533747022,0.9450963455620486
110_aimade_humangpt3,5,other,0.6651584357315057,0.4040687875467366,0.4786957391478296,0.48369673934786955,0.7568536533747022,0.9450963455620486
110_aimade_humangpt3,6,other,0.6696944508754636,0.37175767288977757,0.46889377875575117,0.49229845969193836,0.7568536533747022,0.9450963455620486
110_aimade_humangpt3,7,other,0.6876501446836258,0.528435202002157,0.4338867773554711,0.3482696539307862,0.7568536533747022,0.9450963455620486
110_aimade_humangpt3,8,other,0.6828315679885057,0.4559517190128868,0.4446889377875575,0.54250850170034,0.7568536533747022,0.9450963455620486
110_aimade_humangpt3,9,other,0.6959862654265163,0.3832094797265697,0.41928385677135427,0.48589717943588717,0.7568536533747022,0.9450963455620486
110_aimade_humangpt3,10,other,0.7022966681007392,0.4410193168529686,0.40508101620324066,0.5307061412282457,0.7568536533747022,0.9450963455620486
110_aimade_humangpt3,11,other,0.7423637035389203,0.4084233351375679,0.34686937387477496,0.5161032206441288,0.7568536533747022,0.9450963455620486
110_aimade_humangpt3,12,other,0.7242461737418815,0.3789021682493563,0.3706741348269654,0.4802960592118424,0.7568536533747022,0.9450963455620486
110_aimade_humangpt3,13,other,0.7548302986560012,0.4263027112765856,0.3272654530906181,0.5125025005001,0.7568536533747022,0.9450963455620486
110_aimade_humangpt3,14,other,0.6857223120023181,0.39782662400644475,0.45889177835567113,0.5233046609321864,0.7568536533747022,0.9450963455620486
110_aimade_humangpt3,15,other,0.7086079766075604,0.4338542394523557,0.4242848569713943,0.47029405881176234,0.7568536533747022,0.9450963455620486
113_movie_sent,0,other,0.5401734188451486,0.3977777794364763,0.6821364272854571,0.49249849969994,0.8404430103519962,0.9527173104049562
113_movie_sent,1,other,0.2773419033890867,0.41009142710437363,0.9341868373674735,0.4916983396679336,0.8404430103519962,0.9527173104049562
113_movie_sent,2,other,0.846273315564646,0.35819003789360004,0.18383676735347068,0.4962992598519704,0.8404430103519962,0.9527173104049562
113_movie_sent,3,other,0.6693944513594585,0.19193336242965175,0.46769353870774155,0.4890978195639128,0.8404430103519962,0.9527173104049562
113_movie_sent,4,other,0.6422713854560178,0.4242918770880886,0.5121024204840968,0.48569713942788556,0.8404430103519962,0.9527173104049562
113_movie_sent,5,other,0.5728274047944766,0.42333254900265316,0.6123224644928986,0.4912982596519304,0.8404430103519962,0.9527173104049562
113_movie_sent,6,other,0.8063797734575926,0.41842241532108826,0.23284656931386277,0.5041008201640328,0.8404430103519962,0.9527173104049562
113_movie_sent,7,other,0.46277324438698075,0.38816260935753943,0.7043408681736347,0.4962992598519704,0.8404430103519962,0.9527173104049562
113_movie_sent,8,other,0.5731176939589582,0.1775366405565617,0.6139227845569114,0.535507101420284,0.8404430103519962,0.9527173104049562
113_movie_sent,9,other,0.15831141847090713,0.3615969579967091,0.9641928385677135,0.47709541908381675,0.8404430103519962,0.9527173104049562
113_movie_sent,10,other,0.47692905462255664,0.4087323041863906,0.6861372274454891,0.4970994198839768,0.8404430103519962,0.9527173104049562
113_movie_sent,11,other,0.5870823643474261,0.4169732282247032,0.5955191038207641,0.4936987397479496,0.8404430103519962,0.9527173104049562
113_movie_sent,12,other,0.5781859985436377,0.42605037063206286,0.543508701740348,0.5099019803960793,0.8404430103519962,0.9527173104049562
113_movie_sent,13,other,0.7485634337813272,0.36390317948583006,0.34386877375475094,0.5321064212842569,0.8404430103519962,0.9527173104049562
113_movie_sent,14,other,0.538267183270533,0.4251507849770233,0.6003200640128026,0.500500100020004,0.8404430103519962,0.9527173104049562
113_movie_sent,15,other,0.17336583098336034,0.3035372783629837,0.9631926385277055,0.5149029805961193,0.8404430103519962,0.9527173104049562
114_nyc_borough_Manhattan,0,nyc_boroughs,0.9176300724631876,0.4240868739985162,0.12306153076538269,0.4957478739369685,0.6015459319352341,0.7087639276938095
114_nyc_borough_Manhattan,1,nyc_boroughs,0.9261403508596862,0.4451120450054691,0.10655327663831916,0.4777388694347174,0.6015459319352341,0.7087639276938095
114_nyc_borough_Manhattan,2,nyc_boroughs,0.8303846551207903,0.43029299171311264,0.22811405702851426,0.5282641320660331,0.6015459319352341,0.7087639276938095
114_nyc_borough_Manhattan,3,nyc_boroughs,0.9348049342322082,0.4242142579543078,0.10505252626313157,0.527263631815908,0.6015459319352341,0.7087639276938095
114_nyc_borough_Manhattan,4,nyc_boroughs,0.9849303068047848,0.406819227179841,0.01950975487743872,0.5077538769384692,0.6015459319352341,0.7087639276938095
114_nyc_borough_Manhattan,5,nyc_boroughs,0.5806332165000636,0.4241271202655541,0.5652826413206603,0.5002501250625313,0.6015459319352341,0.7087639276938095
114_nyc_borough_Manhattan,6,nyc_boroughs,0.8977250757424651,0.33718026324221406,0.14207103551775888,0.4807403701850925,0.6015459319352341,0.7087639276938095
114_nyc_borough_Manhattan,7,nyc_boroughs,0.9915695738302062,0.41400063144482213,0.01150575287643822,0.5012506253126563,0.6015459319352341,0.7087639276938095
114_nyc_borough_Manhattan,8,nyc_boroughs,0.9909503110905706,0.4187872489906277,0.014507253626813406,0.48874437218609307,0.6015459319352341,0.7087639276938095
114_nyc_borough_Manhattan,9,nyc_boroughs,0.9336568205838449,0.3904516363147543,0.09854927463731866,0.4817408704352176,0.6015459319352341,0.7087639276938095
114_nyc_borough_Manhattan,10,nyc_boroughs,0.8683441864759118,0.4244564891226128,0.16758379189594796,0.49674837418709356,0.6015459319352341,0.7087639276938095
114_nyc_borough_Manhattan,11,nyc_boroughs,0.9847582416564162,0.35333783112456363,0.017008504252126064,0.4817408704352176,0.6015459319352341,0.7087639276938095
114_nyc_borough_Manhattan,12,nyc_boroughs,0.8203501685949788,0.39732746559520904,0.2576288144072036,0.4837418709354677,0.6015459319352341,0.7087639276938095
114_nyc_borough_Manhattan,13,nyc_boroughs,0.9846432668769813,0.4175678951315913,0.01900950475237619,0.4932466233116558,0.6015459319352341,0.7087639276938095
114_nyc_borough_Manhattan,14,nyc_boroughs,0.8737192991377465,0.41109739722019767,0.15457728864432216,0.49724862431215605,0.6015459319352341,0.7087639276938095
114_nyc_borough_Manhattan,15,nyc_boroughs,0.9531686466356999,0.4220277693605843,0.07253626813406704,0.49024512256128067,0.6015459319352341,0.7087639276938095
115_nyc_borough_Brooklyn,0,nyc_boroughs,0.8442233299910502,0.37605552185405444,0.19459729864932465,0.49524762381190596,0.5543264213821658,0.6229907934156932
115_nyc_borough_Brooklyn,1,nyc_boroughs,0.8470270279640288,0.36971323181503335,0.1870935467733867,0.49024512256128067,0.5543264213821658,0.6229907934156932
115_nyc_borough_Brooklyn,2,nyc_boroughs,0.8174250828359522,0.42124078970233847,0.2661330665332666,0.5102551275637819,0.5543264213821658,0.6229907934156932
115_nyc_borough_Brooklyn,3,nyc_boroughs,0.8938847983839255,0.3553209560349211,0.15257628814407204,0.5132566283141571,0.5543264213821658,0.6229907934156932
115_nyc_borough_Brooklyn,4,nyc_boroughs,0.5846586611107878,0.41310253002849806,0.5612806403201601,0.49724862431215605,0.5543264213821658,0.6229907934156932
115_nyc_borough_Brooklyn,5,nyc_boroughs,0.9515229689800353,0.41614874749271125,0.08254127063531766,0.5127563781890946,0.5543264213821658,0.6229907934156932
115_nyc_borough_Brooklyn,6,nyc_boroughs,0.9027800199953979,0.40601880423111836,0.1455727863931966,0.534767383691846,0.5543264213821658,0.6229907934156932
115_nyc_borough_Brooklyn,7,nyc_boroughs,0.9098531999453756,0.4060035111787701,0.14357178589294647,0.48924462231115556,0.5543264213821658,0.6229907934156932
115_nyc_borough_Brooklyn,8,nyc_boroughs,0.895263746982869,0.36343423145364384,0.14107053526763383,0.5042521260630315,0.5543264213821658,0.6229907934156932
115_nyc_borough_Brooklyn,9,nyc_boroughs,0.6020900063395289,0.40001347041936364,0.5492746373186593,0.5162581290645323,0.5543264213821658,0.6229907934156932
115_nyc_borough_Brooklyn,10,nyc_boroughs,0.871307446782698,0.4294097260863614,0.18959479739869936,0.4942471235617809,0.5543264213821658,0.6229907934156932
115_nyc_borough_Brooklyn,11,nyc_boroughs,0.838635779500186,0.38970735278417123,0.1950975487743872,0.4847423711855928,0.5543264213821658,0.6229907934156932
115_nyc_borough_Brooklyn,12,nyc_boroughs,0.8748715847686956,0.4203134970472031,0.1615807903951976,0.5077538769384692,0.5543264213821658,0.6229907934156932
115_nyc_borough_Brooklyn,13,nyc_boroughs,0.8349965344173673,0.37675470203675077,0.2096048024012006,0.5267633816908455,0.5543264213821658,0.6229907934156932
115_nyc_borough_Brooklyn,14,nyc_boroughs,0.6288392819758273,0.41762111664435086,0.49674837418709356,0.49374687343671836,0.5543264213821658,0.6229907934156932
115_nyc_borough_Brooklyn,15,nyc_boroughs,0.6022161775150177,0.3859780410288609,0.5502751375687844,0.5202601300650325,0.5543264213821658,0.6229907934156932
116_nyc_borough_Bronx,0,nyc_boroughs,0.8359512216395619,0.3948526507739305,0.20410205102551277,0.5192596298149075,0.5785484060995725,0.6784953882923217
116_nyc_borough_Bronx,1,nyc_boroughs,0.8418852432246338,0.4148705563310702,0.19259629814907453,0.5017508754377189,0.5785484060995725,0.6784953882923217
116_nyc_borough_Bronx,2,nyc_boroughs,0.8331169093699626,0.41160807083783957,0.20060030015007504,0.511255627813907,0.5785484060995725,0.6784953882923217
116_nyc_borough_Bronx,3,nyc_boroughs,0.8707051221183622,0.3939981577008129,0.16708354177088544,0.4832416208104052,0.5785484060995725,0.6784953882923217
116_nyc_borough_Bronx,4,nyc_boroughs,0.8942812153002215,0.4282524549524651,0.14157078539269635,0.5017508754377189,0.5785484060995725,0.6784953882923217
116_nyc_borough_Bronx,5,nyc_boroughs,0.8793273865150133,0.4193739418204634,0.17558779389694848,0.49224612306153076,0.5785484060995725,0.6784953882923217
116_nyc_borough_Bronx,6,nyc_boroughs,0.9175743287257581,0.42675294780712303,0.11005502751375688,0.48624312156078037,0.5785484060995725,0.6784953882923217
116_nyc_borough_Bronx,7,nyc_boroughs,0.8305278562492602,0.39275763966704225,0.21210605302651325,0.5252626313156579,0.5785484060995725,0.6784953882923217
116_nyc_borough_Bronx,8,nyc_boroughs,0.8741367747835236,0.4311013743155707,0.14757378689344672,0.46323161580790395,0.5785484060995725,0.6784953882923217
116_nyc_borough_Bronx,9,nyc_boroughs,0.5923174290758817,0.4027204018057198,0.5657828914457229,0.48574287143571787,0.5785484060995725,0.6784953882923217
116_nyc_borough_Bronx,10,nyc_boroughs,0.9472475085948977,0.3919615781369501,0.09354677338669334,0.46973486743371684,0.5785484060995725,0.6784953882923217
116_nyc_borough_Bronx,11,nyc_boroughs,0.5475283925779819,0.4009892652969216,0.6233116558279139,0.5097548774387194,0.5785484060995725,0.6784953882923217
116_nyc_borough_Bronx,12,nyc_boroughs,0.9405707260942844,0.4029381011603461,0.0895447723861931,0.48924462231115556,0.5785484060995725,0.6784953882923217
116_nyc_borough_Bronx,13,nyc_boroughs,0.8662451786998615,0.4059223916992616,0.19909954977488745,0.5082541270635318,0.5785484060995725,0.6784953882923217
116_nyc_borough_Bronx,14,nyc_boroughs,0.5663435150954435,0.3895648583366067,0.5917958979489745,0.5107553776888444,0.5785484060995725,0.6784953882923217
116_nyc_borough_Bronx,15,nyc_boroughs,0.6101008716020937,0.40153769421609486,0.535767883941971,0.4867433716858429,0.5785484060995725,0.6784953882923217
117_us_state_FL,0,us_states,0.7335293326950354,0.4375827523142264,0.35035035035035034,0.5875875875875876,0.8995918367346939,0.9436734693877551
117_us_state_FL,1,us_states,0.7684854988246843,0.4116987105540062,0.2872872872872873,0.4924924924924925,0.8995918367346939,0.9436734693877551
117_us_state_FL,2,us_states,0.92039670549046,0.3908201235940376,0.13113113113113112,0.5285285285285285,0.8995918367346939,0.9436734693877551
117_us_state_FL,3,us_states,0.8583712430291357,0.43612004258648396,0.21921921921921922,0.5235235235235235,0.8995918367346939,0.9436734693877551
117_us_state_FL,4,us_states,0.6949184567668387,0.40571516232449856,0.43043043043043044,0.4904904904904905,0.8995918367346939,0.9436734693877551
117_us_state_FL,5,us_states,0.97057448015917,0.47816768270459353,0.04904904904904905,0.4644644644644645,0.8995918367346939,0.9436734693877551
117_us_state_FL,6,us_states,0.914753973697469,0.41574521415747845,0.13113113113113112,0.4774774774774775,0.8995918367346939,0.9436734693877551
117_us_state_FL,7,us_states,0.9618305515286336,0.4057372536741217,0.062062062062062065,0.4964964964964965,0.8995918367346939,0.9436734693877551
117_us_state_FL,8,us_states,0.7759046530864449,0.4519746894243075,0.31431431431431434,0.4864864864864865,0.8995918367346939,0.9436734693877551
117_us_state_FL,9,us_states,0.9537648819024549,0.38523916771126343,0.07607607607607608,0.47047047047047047,0.8995918367346939,0.9436734693877551
117_us_state_FL,10,us_states,0.9504466196819688,0.4478548059980818,0.07807807807807808,0.5515515515515516,0.8995918367346939,0.9436734693877551
117_us_state_FL,11,us_states,0.9186452265850953,0.430186907877361,0.11911911911911911,0.5015015015015015,0.8995918367346939,0.9436734693877551
117_us_state_FL,12,us_states,0.7021072193170272,0.4339408070633859,0.4004004004004004,0.4994994994994995,0.8995918367346939,0.9436734693877551
117_us_state_FL,13,us_states,0.9748677564860002,0.4247917663283669,0.04904904904904905,0.5095095095095095,0.8995918367346939,0.9436734693877551
117_us_state_FL,14,us_states,0.9417199928701723,0.4475146120852733,0.07707707707707707,0.5185185185185185,0.8995918367346939,0.9436734693877551
117_us_state_FL,15,us_states,0.4828055293648761,0.3988028858547674,0.6856856856856857,0.44044044044044045,0.8995918367346939,0.9436734693877551
118_us_state_CA,0,us_states,0.734025819838523,0.39196713837057784,0.3633633633633634,0.5025025025025025,0.9277551020408163,0.9563265306122448
118_us_state_CA,1,us_states,0.7648743492375656,0.40506516387903035,0.3163163163163163,0.5125125125125125,0.9277551020408163,0.9563265306122448
118_us_state_CA,2,us_states,0.9369019817500157,0.4041426867301834,0.1041041041041041,0.5035035035035035,0.9277551020408163,0.9563265306122448
118_us_state_CA,3,us_states,0.951029908032587,0.4268802789523696,0.08508508508508508,0.4914914914914915,0.9277551020408163,0.9563265306122448
118_us_state_CA,4,us_states,0.9517960125866782,0.3614188808004921,0.07807807807807808,0.4774774774774775,0.9277551020408163,0.9563265306122448
118_us_state_CA,5,us_states,0.4156846602943518,0.4120159614958465,0.7567567567567568,0.5035035035035035,0.9277551020408163,0.9563265306122448
118_us_state_CA,6,us_states,0.7667408094331363,0.4260774059532819,0.33433433433433435,0.4874874874874875,0.9277551020408163,0.9563265306122448
118_us_state_CA,7,us_states,0.9542343787635679,0.41343862622678973,0.07007007007007007,0.5075075075075075,0.9277551020408163,0.9563265306122448
118_us_state_CA,8,us_states,0.4326920869835842,0.4141651727094222,0.7547547547547547,0.4914914914914915,0.9277551020408163,0.9563265306122448
118_us_state_CA,9,us_states,0.9206366778997273,0.40538760935955787,0.10810810810810811,0.5125125125125125,0.9277551020408163,0.9563265306122448
118_us_state_CA,10,us_states,0.9349483218874828,0.40301418279046763,0.07907907907907907,0.47147147147147145,0.9277551020408163,0.9563265306122448
118_us_state_CA,11,us_states,0.4813543547634813,0.4800483616978686,0.6796796796796797,0.4724724724724725,0.9277551020408163,0.9563265306122448
118_us_state_CA,12,us_states,0.9389588770338559,0.3675761339157042,0.09109109109109109,0.44744744744744747,0.9277551020408163,0.9563265306122448
118_us_state_CA,13,us_states,0.4295332884023353,0.41338385907464836,0.7517517517517518,0.5205205205205206,0.9277551020408163,0.9563265306122448
118_us_state_CA,14,us_states,0.43286567671668497,0.43261248681735776,0.7567567567567568,0.5035035035035035,0.9277551020408163,0.9563265306122448
118_us_state_CA,15,us_states,0.9651498240472458,0.41562398853352356,0.057057057057057055,0.4944944944944945,0.9277551020408163,0.9563265306122448
119_us_state_TX,0,us_states,0.7699964018074974,0.4244398592088545,0.3083083083083083,0.4914914914914915,0.93,0.9763265306122448
119_us_state_TX,1,us_states,0.8025765503265205,0.3999987487773451,0.25725725725725723,0.5225225225225225,0.93,0.9763265306122448
119_us_state_TX,2,us_states,0.9366761416692848,0.42132443836489464,0.0970970970970971,0.5015015015015015,0.93,0.9763265306122448
119_us_state_TX,3,us_states,0.7590709687995052,0.44478614947311756,0.3233233233233233,0.5335335335335335,0.93,0.9763265306122448
119_us_state_TX,4,us_states,0.9557903184924159,0.3813308127239403,0.07807807807807808,0.5095095095095095,0.93,0.9763265306122448
119_us_state_TX,5,us_states,0.9535729236404131,0.42354557705515394,0.07207207207207207,0.4994994994994995,0.93,0.9763265306122448
119_us_state_TX,6,us_states,0.8858050254737155,0.3873902360135253,0.12512512512512514,0.4924924924924925,0.93,0.9763265306122448
119_us_state_TX,7,us_states,0.8865633046325414,0.4472401072213268,0.13713713713713713,0.45845845845845845,0.93,0.9763265306122448
119_us_state_TX,8,us_states,0.9455155288174877,0.42963283174881783,0.08608608608608609,0.5355355355355356,0.93,0.9763265306122448
119_us_state_TX,9,us_states,0.8854254701843414,0.39656406777148256,0.12612612612612611,0.48348348348348347,0.93,0.9763265306122448
119_us_state_TX,10,us_states,0.9521465607148596,0.39239368632336213,0.07407407407407407,0.48848848848848847,0.93,0.9763265306122448
119_us_state_TX,11,us_states,0.4389638804945377,0.4125496097681973,0.7427427427427428,0.5135135135135135,0.93,0.9763265306122448
119_us_state_TX,12,us_states,0.9302204483579339,0.41984680561248466,0.0980980980980981,0.4924924924924925,0.93,0.9763265306122448
119_us_state_TX,13,us_states,0.43151051723914424,0.40962710231642285,0.7467467467467468,0.4824824824824825,0.93,0.9763265306122448
119_us_state_TX,14,us_states,0.8854897502701309,0.42551485479309425,0.13113113113113112,0.5155155155155156,0.93,0.9763265306122448
119_us_state_TX,15,us_states,0.8865677663807521,0.3593592773544019,0.13713713713713713,0.5145145145145145,0.93,0.9763265306122448
120_us_timezone_Chicago,0,us_timezones,0.9009942459161855,0.41975846904123726,0.15250675472830982,0.4956469528670069,0.8325271576972738,0.8737616135136881
120_us_timezone_Chicago,1,us_timezones,0.8337240828215191,0.4034767627351976,0.23386370459321526,0.5019513659561693,0.8325271576972738,0.8737616135136881
120_us_timezone_Chicago,2,us_timezones,0.7620970611315623,0.41362910768718986,0.34374061843290304,0.4932452716901831,0.8325271576972738,0.8737616135136881
120_us_timezone_Chicago,3,us_timezones,0.955876159171515,0.41510222296150023,0.07505253677574301,0.5001501050735515,0.8325271576972738,0.8737616135136881
120_us_timezone_Chicago,4,us_timezones,0.9110983428312815,0.4288230334552534,0.1107775442809967,0.5211648153707595,0.8325271576972738,0.8737616135136881
120_us_timezone_Chicago,5,us_timezones,0.9101936395688592,0.41735023022390294,0.10567397178024618,0.48513959771840287,0.8325271576972738,0.8737616135136881
120_us_timezone_Chicago,6,us_timezones,0.9331196838857385,0.38518947948490223,0.11047733413389373,0.5094566196337437,0.8325271576972738,0.8737616135136881
120_us_timezone_Chicago,7,us_timezones,0.9095597987956239,0.4256786527683851,0.10807565295706995,0.5082557790453317,0.8325271576972738,0.8737616135136881
120_us_timezone_Chicago,8,us_timezones,0.9102228816405802,0.40745070025224206,0.10477334133893726,0.504953467427199,0.8325271576972738,0.8737616135136881
120_us_timezone_Chicago,9,us_timezones,0.9353467374853142,0.41045106037775114,0.10477334133893726,0.4914440108075653,0.8325271576972738,0.8737616135136881
120_us_timezone_Chicago,10,us_timezones,0.9138146871130404,0.4037283098450708,0.12578805163614531,0.5178625037526269,0.8325271576972738,0.8737616135136881
120_us_timezone_Chicago,11,us_timezones,0.9119138440455723,0.4284180483787383,0.1053737616331432,0.49294506154308015,0.8325271576972738,0.8737616135136881
120_us_timezone_Chicago,12,us_timezones,0.9112162623075082,0.4047793308539047,0.10417292104473132,0.48964274992494744,0.8325271576972738,0.8737616135136881
120_us_timezone_Chicago,13,us_timezones,0.9117951652692238,0.4104833648271735,0.1020714500150105,0.5007505253677574,0.8325271576972738,0.8737616135136881
120_us_timezone_Chicago,14,us_timezones,0.4429505341446933,0.4196835269751076,0.741819273491444,0.5052536775743021,0.8325271576972738,0.8737616135136881
120_us_timezone_Chicago,15,us_timezones,0.9108423004924924,0.4132254753624707,0.1095767036925848,0.516361453017112,0.8325271576972738,0.8737616135136881
121_us_timezone_New_York,0,us_timezones,0.9030319480177844,0.39524143400645473,0.14830381266886822,0.4611227859501651,0.8936411831992797,0.8975079703163025
121_us_timezone_New_York,1,us_timezones,0.8969133822051296,0.40310719224153946,0.16241368958270788,0.48033623536475534,0.8936411831992797,0.8975079703163025
121_us_timezone_New_York,2,us_timezones,0.892346882450576,0.4043187160075825,0.16421495046532572,0.527769438607025,0.8936411831992797,0.8975079703163025
121_us_timezone_New_York,3,us_timezones,0.9315215307684994,0.41236215644446883,0.11017712398679075,0.5061543080156109,0.8936411831992797,0.8975079703163025
121_us_timezone_New_York,4,us_timezones,0.9470272099806591,0.4015980369288412,0.09006304413089163,0.5100570399279496,0.8936411831992797,0.8975079703163025
121_us_timezone_New_York,5,us_timezones,0.9365568320120918,0.41500188299782015,0.10417292104473132,0.5085559891924347,0.8936411831992797,0.8975079703163025
121_us_timezone_New_York,6,us_timezones,0.8771777128123881,0.43244663576524656,0.17172020414290004,0.47583308315821077,0.8936411831992797,0.8975079703163025
121_us_timezone_New_York,7,us_timezones,0.9522673478768406,0.42207452381270727,0.07505253677574301,0.5106574602221555,0.8936411831992797,0.8975079703163025
121_us_timezone_New_York,8,us_timezones,0.9476682614734209,0.40795813134656966,0.07715400780546383,0.49444611227859503,0.8936411831992797,0.8975079703163025
121_us_timezone_New_York,9,us_timezones,0.970584993187692,0.38800717537061713,0.05073551486040228,0.49414590213149207,0.8936411831992797,0.8975079703163025
121_us_timezone_New_York,10,us_timezones,0.9528178844646804,0.4197445671226181,0.0774542179525668,0.483938757129991,0.8936411831992797,0.8975079703163025
121_us_timezone_New_York,11,us_timezones,0.7485223184502228,0.4080185500461335,0.3638546982888022,0.4905433803662564,0.8936411831992797,0.8975079703163025
121_us_timezone_New_York,12,us_timezones,0.9703724366840305,0.42958648883795014,0.04142900030021015,0.5070549384569198,0.8936411831992797,0.8975079703163025
121_us_timezone_New_York,13,us_timezones,0.9765790220741895,0.3656496550725037,0.0387271089762834,0.4893425397778445,0.8936411831992797,0.8975079703163025
121_us_timezone_New_York,14,us_timezones,0.9611224333338424,0.4261288845595934,0.06034223956769739,0.5016511558090664,0.8936411831992797,0.8975079703163025
121_us_timezone_New_York,15,us_timezones,0.9179911516431236,0.37862119582663367,0.09936955869108376,0.5319723806664666,0.8936411831992797,0.8975079703163025
122_us_timezone_Los_Angeles,0,us_timezones,0.8205313421845524,0.38416024562149675,0.2668868207745422,0.48964274992494744,0.9124430128021092,0.9331508039460018
122_us_timezone_Los_Angeles,1,us_timezones,0.8959111662370762,0.3858900484934322,0.16841789252476733,0.4968477934554188,0.9124430128021092,0.9331508039460018
122_us_timezone_Los_Angeles,2,us_timezones,0.7381350351061415,0.36205441576691255,0.37826478534974484,0.5535875112578805,0.9124430128021092,0.9331508039460018
122_us_timezone_Los_Angeles,3,us_timezones,0.9404105124021349,0.4103090984021469,0.09546682677874511,0.5022515761032723,0.9124430128021092,0.9331508039460018
122_us_timezone_Los_Angeles,4,us_timezones,0.8706301514038877,0.41146987826192727,0.18012608826178325,0.505854097868508,0.9124430128021092,0.9331508039460018
122_us_timezone_Los_Angeles,5,us_timezones,0.9278093633120388,0.40670961429631824,0.10717502251576103,0.5223656559591714,0.9124430128021092,0.9331508039460018
122_us_timezone_Los_Angeles,6,us_timezones,0.9076748484830865,0.40778130361437537,0.12969078354848393,0.4974482137496247,0.9124430128021092,0.9331508039460018
122_us_timezone_Los_Angeles,7,us_timezones,0.9674296230121988,0.4061020274929035,0.056739717802461724,0.4968477934554188,0.9124430128021092,0.9331508039460018
122_us_timezone_Los_Angeles,8,us_timezones,0.9264684915729977,0.40580880149894605,0.08856199339537676,0.4995496847793455,0.9124430128021092,0.9331508039460018
122_us_timezone_Los_Angeles,9,us_timezones,0.9251064626277852,0.41986780530050294,0.0870609426598619,0.4863404383068148,0.9124430128021092,0.9331508039460018
122_us_timezone_Los_Angeles,10,us_timezones,0.9555353003018743,0.38922123139476406,0.07145001501050735,0.516361453017112,0.9124430128021092,0.9331508039460018
122_us_timezone_Los_Angeles,11,us_timezones,0.969418874351182,0.43315608127898897,0.05133593515460823,0.5139597718402882,0.9124430128021092,0.9331508039460018
122_us_timezone_Los_Angeles,12,us_timezones,0.9232111447349158,0.3969748303913383,0.09336535574902431,0.5133593515460823,0.9124430128021092,0.9331508039460018
122_us_timezone_Los_Angeles,13,us_timezones,0.9439862232645826,0.41148213323246385,0.0828580006004203,0.5028519963974782,0.9124430128021092,0.9331508039460018
122_us_timezone_Los_Angeles,14,us_timezones,0.749495469083006,0.4329498732594481,0.33323326328429903,0.47132993095166614,0.9124430128021092,0.9331508039460018
122_us_timezone_Los_Angeles,15,us_timezones,0.9248978998195181,0.40689359978940964,0.08676073251275893,0.5130591413989792,0.9124430128021092,0.9331508039460018
123_world_country_United_Kingdom,0,world_countries,0.6758039879271294,0.3876464737201184,0.42921460730365185,0.5027513756878439,0.9616841148550846,0.9982117009459051
123_world_country_United_Kingdom,1,world_countries,0.7532936074085663,0.35950757477099016,0.31265632816408206,0.5432716358179089,0.9616841148550846,0.9982117009459051
123_world_country_United_Kingdom,2,world_countries,0.7537640224384903,0.4197938704172808,0.3136568284142071,0.36068034017008505,0.9616841148550846,0.9982117009459051
123_world_country_United_Kingdom,3,world_countries,0.7598287448646375,0.411913360812328,0.3036518259129565,0.5542771385692846,0.9616841148550846,0.9982117009459051
123_world_country_United_Kingdom,4,world_countries,0.7498587209017198,0.29793542965966835,0.3106553276638319,0.4822411205602801,0.9616841148550846,0.9982117009459051
123_world_country_United_Kingdom,5,world_countries,0.7647890439904044,0.4199447317890579,0.295647823911956,0.45072536268134067,0.9616841148550846,0.9982117009459051
123_world_country_United_Kingdom,6,world_countries,0.753696101447721,0.4047806698681,0.30965482741370687,0.4822411205602801,0.9616841148550846,0.9982117009459051
123_world_country_United_Kingdom,7,world_countries,0.7626080434886582,0.4271581935968336,0.3016508254127064,0.512256128064032,0.9616841148550846,0.9982117009459051
123_world_country_United_Kingdom,8,world_countries,0.7559085401236003,0.40881071399970303,0.3091545772886443,0.49824912456228115,0.9616841148550846,0.9982117009459051
123_world_country_United_Kingdom,9,world_countries,0.7898099670296141,0.4158067042483289,0.27763881940970486,0.48624312156078037,0.9616841148550846,0.9982117009459051
123_world_country_United_Kingdom,10,world_countries,0.7632355267119695,0.47675188876270846,0.2976488244122061,0.47873936968484243,0.9616841148550846,0.9982117009459051
123_world_country_United_Kingdom,11,world_countries,0.7542197591477526,0.4481563919046434,0.3071535767883942,0.4612306153076538,0.9616841148550846,0.9982117009459051
123_world_country_United_Kingdom,12,world_countries,0.5591894489923082,0.4514509349981126,0.5587793896948474,0.5292646323161581,0.9616841148550846,0.9982117009459051
123_world_country_United_Kingdom,13,world_countries,0.7727236137213735,0.1635586932099724,0.28414207103551775,0.5327663831915957,0.9616841148550846,0.9982117009459051
123_world_country_United_Kingdom,14,world_countries,0.7918932882387366,0.4156190387300649,0.2661330665332666,0.49524762381190596,0.9616841148550846,0.9982117009459051
123_world_country_United_Kingdom,15,world_countries,0.8008663872729846,0.4692511908543411,0.26313156578289143,0.4427213606803402,0.9616841148550846,0.9982117009459051
124_world_country_United_States,0,world_countries,0.5745274916123995,0.3447581393926671,0.5077538769384692,0.5042521260630315,0.8896935065809405,0.9988386575554583
124_world_country_United_States,1,world_countries,0.5715075273844399,0.3528353832191016,0.5102551275637819,0.45672836418209106,0.8896935065809405,0.9988386575554583
124_world_country_United_States,2,world_countries,0.5693689229861436,0.33961827519004606,0.5127563781890946,0.47573786893446723,0.8896935065809405,0.9988386575554583
124_world_country_United_States,3,world_countries,0.5677483664158325,0.33692265581357694,0.5077538769384692,0.4977488744372186,0.8896935065809405,0.9988386575554583
124_world_country_United_States,4,world_countries,0.576683504830547,0.41509628550779265,0.496248124062031,0.5147573786893447,0.8896935065809405,0.9988386575554583
124_world_country_United_States,5,world_countries,0.5966263533816141,0.34236966993548523,0.4842421210605303,0.43771885942971483,0.8896935065809405,0.9988386575554583
124_world_country_United_States,6,world_countries,0.6117936588827018,0.3901974974353819,0.471735867933967,0.5407703851925963,0.8896935065809405,0.9988386575554583
124_world_country_United_States,7,world_countries,0.5763419938606276,0.42691107439802356,0.49874937468734365,0.5622811405702851,0.8896935065809405,0.9988386575554583
124_world_country_United_States,8,world_countries,0.5768416144724173,0.4146990438010043,0.5027513756878439,0.49724862431215605,0.8896935065809405,0.9988386575554583
124_world_country_United_States,9,world_countries,0.5752669652671412,0.15519076384001296,0.5062531265632816,0.551775887943972,0.8896935065809405,0.9988386575554583
124_world_country_United_States,10,world_countries,0.5730011826709926,0.40080946599668366,0.5097548774387194,0.5012506253126563,0.8896935065809405,0.9988386575554583
124_world_country_United_States,11,world_countries,0.5738374286824706,0.20519325700637547,0.5082541270635318,0.5017508754377189,0.8896935065809405,0.9988386575554583
124_world_country_United_States,12,world_countries,0.5851274960867099,0.43871188954704365,0.4837418709354677,0.4842421210605303,0.8896935065809405,0.9988386575554583
124_world_country_United_States,13,world_countries,0.596467242630377,0.35068844861183024,0.471735867933967,0.4457228614307154,0.8896935065809405,0.9988386575554583
124_world_country_United_States,14,world_countries,0.5913244472242551,0.4374077884256018,0.4732366183091546,0.5547773886943472,0.8896935065809405,0.9988386575554583
124_world_country_United_States,15,world_countries,0.6939852721366633,0.4329361625187753,0.3476738369184592,0.5057528764382191,0.8896935065809405,0.9988386575554583
125_world_country_Italy,0,world_countries,0.6005662403890113,0.5525782123994247,0.48774387193596797,0.41870935467733866,0.9864152388325984,0.9988639041303395
125_world_country_Italy,1,world_countries,0.7808763778627361,0.3240915197930452,0.3036518259129565,0.4337168584292146,0.9864152388325984,0.9988639041303395
125_world_country_Italy,2,world_countries,0.7897701112230437,0.39051799111946917,0.2851425712856428,0.4732366183091546,0.9864152388325984,0.9988639041303395
125_world_country_Italy,3,world_countries,0.7840253666290737,0.4894834951402667,0.2941470735367684,0.5832916458229115,0.9864152388325984,0.9988639041303395
125_world_country_Italy,4,world_countries,0.8008177003783938,0.4060055082591725,0.26163081540770383,0.5062531265632816,0.9864152388325984,0.9988639041303395
125_world_country_Italy,5,world_countries,0.7780996882539579,0.4579807826362179,0.29464732366183094,0.432216108054027,0.9864152388325984,0.9988639041303395
125_world_country_Italy,6,world_countries,0.7882933764985292,0.4381226943213199,0.28564282141070535,0.43571785892946474,0.9864152388325984,0.9988639041303395
125_world_country_Italy,7,world_countries,0.7787047057984466,0.30541910321359955,0.29814907453726863,0.4112056028014007,0.9864152388325984,0.9988639041303395
125_world_country_Italy,8,world_countries,0.7941030124421395,0.39774645077140747,0.2696348174087044,0.49374687343671836,0.9864152388325984,0.9988639041303395
125_world_country_Italy,9,world_countries,0.7864541975100334,0.353370623419643,0.2846423211605803,0.45522761380690346,0.9864152388325984,0.9988639041303395
125_world_country_Italy,10,world_countries,0.7792617058295015,0.4343037987275695,0.30115057528764383,0.4737368684342171,0.9864152388325984,0.9988639041303395
125_world_country_Italy,11,world_countries,0.817831487235551,0.4180901405797217,0.24212106053026514,0.5072536268134067,0.9864152388325984,0.9988639041303395
125_world_country_Italy,12,world_countries,0.8131093081130814,0.4123459602557038,0.2381190595297649,0.49524762381190596,0.9864152388325984,0.9988639041303395
125_world_country_Italy,13,world_countries,0.8247233546060226,0.38636015341636365,0.2161080540270135,0.4882441220610305,0.9864152388325984,0.9988639041303395
125_world_country_Italy,14,world_countries,0.8382005180368131,0.4055137936861406,0.2111055527763882,0.4912456228114057,0.9864152388325984,0.9988639041303395
125_world_country_Italy,15,world_countries,0.8224043642186531,0.3840954741100644,0.2226113056528264,0.47423711855927964,0.9864152388325984,0.9988639041303395
126_art_type_book,0,art_types,0.8007710853227423,0.3285339974376025,0.2680876613629541,0.526868808165716,0.7660740348815012,0.8292063804617898
126_art_type_book,1,art_types,0.9154007818676742,0.39693469262943637,0.12428700090063044,0.5061543080156109,0.7660740348815012,0.8292063804617898
126_art_type_book,2,art_types,0.8340576743424113,0.41405927412672905,0.2215550885619934,0.5166616631642149,0.7660740348815012,0.8292063804617898
126_art_type_book,3,art_types,0.8451557665192031,0.43308532566466984,0.2236565595917142,0.5157610327229061,0.7660740348815012,0.8292063804617898
126_art_type_book,4,art_types,0.6536112620924028,0.42962554501489425,0.4893425397778445,0.4893425397778445,0.7660740348815012,0.8292063804617898
126_art_type_book,5,art_types,0.6386200854854818,0.3996778225821722,0.49924947463224256,0.5079555688982288,0.7660740348815012,0.8292063804617898
126_art_type_book,6,art_types,0.9344135755746508,0.4010259534980003,0.09216451516061243,0.48243770639447614,0.7660740348815012,0.8292063804617898
126_art_type_book,7,art_types,0.6594274835610994,0.39221892340192444,0.4686280396277394,0.48543980786550583,0.7660740348815012,0.8292063804617898
126_art_type_book,8,art_types,0.670360480920251,0.6415991228687732,0.4455118583008106,0.2716901831281897,0.7660740348815012,0.8292063804617898
126_art_type_book,9,art_types,0.6565631314544187,0.42721070016390494,0.46922845992194534,0.4863404383068148,0.7660740348815012,0.8292063804617898
126_art_type_book,10,art_types,0.7298999749867916,0.44943339538147664,0.36145301711197836,0.47583308315821077,0.7660740348815012,0.8292063804617898
126_art_type_book,11,art_types,0.9434008822862965,0.4027831806387492,0.07925547883518463,0.5025517862503752,0.7660740348815012,0.8292063804617898
126_art_type_book,12,art_types,0.6853136215504372,0.4104579856114954,0.42960072050435305,0.5145601921344941,0.7660740348815012,0.8292063804617898
126_art_type_book,13,art_types,0.6481941237817832,0.40574434715126073,0.48123686580606423,0.4995496847793455,0.7660740348815012,0.8292063804617898
126_art_type_book,14,art_types,0.7505916903203642,0.42578766372220644,0.322425697988592,0.5139597718402882,0.7660740348815012,0.8292063804617898
126_art_type_book,15,art_types,0.8329255565123903,0.4210239549523842,0.20834584208946264,0.5115580906634645,0.7660740348815012,0.8292063804617898
127_art_type_song,0,art_types,0.7407867745739873,0.41574513120289747,0.3455418793155209,0.504653257280096,0.7987902856086376,0.8496680350107699
127_art_type_song,1,art_types,0.8820732506429543,0.40043624329644056,0.1762233563494446,0.4686280396277394,0.7987902856086376,0.8496680350107699
127_art_type_song,2,art_types,0.650006131735148,0.1950627111954195,0.4776343440408286,0.473131191834284,0.7987902856086376,0.8496680350107699
127_art_type_song,3,art_types,0.6767084917254498,0.4136103634660906,0.44461122785950163,0.5001501050735515,0.7987902856086376,0.8496680350107699
127_art_type_song,4,art_types,0.6655734945142473,0.39786764917886,0.46052236565595916,0.5037526268387872,0.7987902856086376,0.8496680350107699
127_art_type_song,5,art_types,0.9549938862750533,0.4326995523743089,0.06574602221555088,0.4848393875712999,0.7987902856086376,0.8496680350107699
127_art_type_song,6,art_types,0.6658874522316265,0.3941471095708151,0.4722305613929751,0.5349744821374962,0.7987902856086376,0.8496680350107699
127_art_type_song,7,art_types,0.8887675015923369,0.4259593220572222,0.1579105373761633,0.49504653257280096,0.7987902856086376,0.8496680350107699
127_art_type_song,8,art_types,0.6737160799600679,0.41798106478132624,0.4461122785950165,0.48543980786550583,0.7987902856086376,0.8496680350107699
127_art_type_song,9,art_types,0.7039402931055527,0.423041742991594,0.3926748724106875,0.5169618733113179,0.7987902856086376,0.8496680350107699
127_art_type_song,10,art_types,0.6539505856319119,0.42230560867108924,0.47793455418793157,0.5127589312518763,0.7987902856086376,0.8496680350107699
127_art_type_song,11,art_types,0.6943164030747817,0.4281684797700278,0.4118883218252777,0.4815370759531672,0.7987902856086376,0.8496680350107699
127_art_type_song,12,art_types,0.7738065069299469,0.41693552700908043,0.31221855298709095,0.4872410687481237,0.7987902856086376,0.8496680350107699
127_art_type_song,13,art_types,0.9442683919822539,0.4112650979058816,0.08015610927649354,0.4980486340438307,0.7987902856086376,0.8496680350107699
127_art_type_song,14,art_types,0.7021030933978976,0.41984033561599765,0.397778444911438,0.5094566196337437,0.7987902856086376,0.8496680350107699
127_art_type_song,15,art_types,0.414404535167169,0.44008086090157894,0.7709396577604323,0.47163014109876916,0.7987902856086376,0.8496680350107699
128_art_type_movie,0,art_types,0.7987360878820746,0.4299801940054684,0.2722906034223957,0.4926448513959772,0.6969494845035407,0.7652153751572643
128_art_type_movie,1,art_types,0.9226344950608838,0.3868561768734804,0.10897628339837886,0.5232662864004803,0.6969494845035407,0.7652153751572643
128_art_type_movie,2,art_types,0.9744884004213221,0.4216793973413304,0.0408285800060042,0.49864905433803663,0.6969494845035407,0.7652153751572643
128_art_type_movie,3,art_types,0.9099356875109268,0.415067518747807,0.1311918342839988,0.4815370759531672,0.6969494845035407,0.7652153751572643
128_art_type_movie,4,art_types,0.5216890968993442,0.41976679478479295,0.6076253377364155,0.48513959771840287,0.6969494845035407,0.7652153751572643
128_art_type_movie,5,art_types,0.944801621350952,0.42192751028125186,0.07895526868808166,0.4818372861002702,0.6969494845035407,0.7652153751572643
128_art_type_movie,6,art_types,0.9475551663462802,0.40969152000160003,0.06904833383368358,0.5064545181627139,0.6969494845035407,0.7652153751572643
128_art_type_movie,7,art_types,0.9563732836267747,0.4074530312670144,0.06124287000900631,0.5139597718402882,0.6969494845035407,0.7652153751572643
128_art_type_movie,8,art_types,0.4345324020378776,0.42048152410324247,0.7535274692284599,0.5067547283098168,0.6969494845035407,0.7652153751572643
128_art_type_movie,9,art_types,0.6943900022952176,0.42896827060338705,0.41489042329630743,0.47463224256979886,0.6969494845035407,0.7652153751572643
128_art_type_movie,10,art_types,0.9275817775331074,0.4040647348435875,0.10897628339837886,0.4995496847793455,0.6969494845035407,0.7652153751572643
128_art_type_movie,11,art_types,0.7429304055859078,0.4039171013541307,0.34163914740318224,0.4914440108075653,0.6969494845035407,0.7652153751572643
128_art_type_movie,12,art_types,0.7072650911241187,0.43662368894413417,0.40138096667667367,0.5148604022815971,0.6969494845035407,0.7652153751572643
128_art_type_movie,13,art_types,0.7118904134064925,0.42429641040827737,0.38757129990993694,0.4926448513959772,0.6969494845035407,0.7652153751572643
128_art_type_movie,14,art_types,0.9629447701479463,0.4171293502068705,0.05253677574302011,0.5025517862503752,0.6969494845035407,0.7652153751572643
128_art_type_movie,15,art_types,0.8477495650308737,0.41015005375552205,0.2011407985589913,0.45541879315520867,0.6969494845035407,0.7652153751572643
129_arith_mc_A,0,other,0.6979447222775768,0.40990831933016336,0.3235097119892833,0.5378432685867381,0.6364793598836151,0.9439534460811057
129_arith_mc_A,1,other,0.792402809346739,0.42980813955357045,0.23308774279973207,0.5271265907568654,0.6364793598836151,0.9439534460811057
129_arith_mc_A,2,other,0.8159324971434607,0.2145064505042713,0.19691895512391158,0.4768921634293369,0.6364793598836151,0.9439534460811057
129_arith_mc_A,3,other,0.8222558919890568,0.15994881366654368,0.1855324849296718,0.44407233757535164,0.6364793598836151,0.9439534460811057
129_arith_mc_A,4,other,0.8344171107315073,0.3587023929272348,0.18754186202277295,0.5298057602143336,0.6364793598836151,0.9439534460811057
129_arith_mc_A,5,other,0.7849310985520912,0.14606113068656823,0.24045545880776958,0.4534494306764903,0.6364793598836151,0.9439534460811057
129_arith_mc_A,6,other,0.7849635490467728,0.2124394009047077,0.23710649698593436,0.4695244474212994,0.6364793598836151,0.9439534460811057
129_arith_mc_A,7,other,0.7695765098445815,0.3069116630772255,0.3121232417950435,0.4708640321500335,0.6364793598836151,0.9439534460811057
129_arith_mc_A,8,other,0.8088824497630636,0.40931542545313193,0.21366376423308775,0.4715338245144005,0.6364793598836151,0.9439534460811057
129_arith_mc_A,9,other,0.9815943856163776,0.18879678604761252,0.03148024112525117,0.4869390488948426,0.6364793598836151,0.9439534460811057
129_arith_mc_A,10,other,0.8922541291687158,0.4327178512056593,0.12123241795043536,0.47622237106496984,0.6364793598836151,0.9439534460811057
129_arith_mc_A,11,other,0.7687513931893808,0.2702170818034739,0.2525117213663764,0.4855994641661085,0.6364793598836151,0.9439534460811057
129_arith_mc_A,12,other,0.764762931116177,0.12420785327877759,0.2565304755525787,0.5016744809109176,0.6364793598836151,0.9439534460811057
129_arith_mc_A,13,other,0.8143399674227032,0.21614629141155395,0.20026791694574683,0.49899531145344944,0.6364793598836151,0.9439534460811057
129_arith_mc_A,14,other,0.8581078827590032,0.4517300020458872,0.1567314132618888,0.5150703281982585,0.6364793598836151,0.9439534460811057
129_arith_mc_A,15,other,0.8202982813165449,0.27712171063654023,0.19022103148024114,0.5291359678499665,0.6364793598836151,0.9439534460811057
130_temp_cat_Frequency,0,temporal_reasoning,0.5609212969758042,0.4155099748928923,0.5786993402450519,0.4891611687087653,0.993469387755102,1.0
130_temp_cat_Frequency,1,temporal_reasoning,0.827560320007702,0.3861718455170693,0.27521206409048066,0.4948162111215834,0.993469387755102,1.0
130_temp_cat_Frequency,2,temporal_reasoning,0.14369586851735816,0.4113221481043303,0.9820923656927427,0.5098963242224317,0.993469387755102,1.0
130_temp_cat_Frequency,3,temporal_reasoning,0.22695851942907086,0.40265602299493364,0.942507068803016,0.5080113100848256,0.993469387755102,1.0
130_temp_cat_Frequency,4,temporal_reasoning,0.7558320120850639,0.4158626332164357,0.3100848256361923,0.47785108388312914,0.993469387755102,1.0
130_temp_cat_Frequency,5,temporal_reasoning,0.8334316446208689,0.39726746919581846,0.24882186616399624,0.4816211121583412,0.993469387755102,1.0
130_temp_cat_Frequency,6,temporal_reasoning,0.30044026011908387,0.40505485985039624,0.8784165881244109,0.4891611687087653,0.993469387755102,1.0
130_temp_cat_Frequency,7,temporal_reasoning,0.852470585213351,0.41361503723798476,0.1950989632422243,0.49670122525918947,0.993469387755102,1.0
130_temp_cat_Frequency,8,temporal_reasoning,0.2944022611837438,0.4196928528592161,0.8868991517436381,0.532516493873704,0.993469387755102,1.0
130_temp_cat_Frequency,9,temporal_reasoning,0.6976783967325908,0.41070184442623514,0.43072573044297835,0.48350612629594725,0.993469387755102,1.0
130_temp_cat_Frequency,10,temporal_reasoning,0.8033359116028262,0.39769795757755166,0.2525918944392083,0.5183788878416589,0.993469387755102,1.0
130_temp_cat_Frequency,11,temporal_reasoning,0.31552840850844444,0.4159194091734697,0.8595664467483506,0.529688972667295,0.993469387755102,1.0
130_temp_cat_Frequency,12,temporal_reasoning,0.8356053791259881,0.4092105535784798,0.21017907634307256,0.5023562676720076,0.993469387755102,1.0
130_temp_cat_Frequency,13,temporal_reasoning,0.2982643034419852,0.33230024836543826,0.8868991517436381,0.49858623939679547,0.993469387755102,1.0
130_temp_cat_Frequency,14,temporal_reasoning,0.772880156400716,0.4186034662395295,0.3374175306314797,0.49104618284637136,0.993469387755102,1.0
130_temp_cat_Frequency,15,temporal_reasoning,0.9151159807817306,0.36798914398386806,0.13195098963242224,0.4872761545711593,0.993469387755102,1.0
131_temp_cat_Typical Time,0,temporal_reasoning,0.6347595839267708,0.4121812598939705,0.4816211121583412,0.47879359095193214,0.9783673469387755,1.0
131_temp_cat_Typical Time,1,temporal_reasoning,0.8275028364048276,0.36776857596817014,0.27332704995287466,0.49764373232799247,0.9783673469387755,1.0
131_temp_cat_Typical Time,2,temporal_reasoning,0.5802079524757546,0.3749492320799741,0.5560791705937794,0.5080113100848256,0.9783673469387755,1.0
131_temp_cat_Typical Time,3,temporal_reasoning,0.6707013836315066,0.43549077890147325,0.4175306314797361,0.5070688030160226,0.9783673469387755,1.0
131_temp_cat_Typical Time,4,temporal_reasoning,0.7486663710851733,0.41707171997026626,0.3383600377002828,0.49010367577756836,0.9783673469387755,1.0
131_temp_cat_Typical Time,5,temporal_reasoning,0.7985621992226715,0.4158794377749686,0.26107445805843543,0.49293119698397736,0.9783673469387755,1.0
131_temp_cat_Typical Time,6,temporal_reasoning,0.8644694531134571,0.4149984764892498,0.18096135721017909,0.525918944392083,0.9783673469387755,1.0
131_temp_cat_Typical Time,7,temporal_reasoning,0.3107616142166214,0.43213985327641313,0.9180018850141376,0.46936852026390197,0.9783673469387755,1.0
131_temp_cat_Typical Time,8,temporal_reasoning,0.30723806731986203,0.40290469055075806,0.8925541941564562,0.46748350612629597,0.9783673469387755,1.0
131_temp_cat_Typical Time,9,temporal_reasoning,0.8167258806662048,0.3468411942825069,0.2573044297832234,0.5494816211121584,0.9783673469387755,1.0
131_temp_cat_Typical Time,10,temporal_reasoning,0.20583093094410732,0.39895079713334214,0.9547596606974552,0.47973609802073514,0.9783673469387755,1.0
131_temp_cat_Typical Time,11,temporal_reasoning,0.6939851637790306,0.4015666339267807,0.4533459000942507,0.45523091423185674,0.9783673469387755,1.0
131_temp_cat_Typical Time,12,temporal_reasoning,0.8485140852002404,0.3870239246274265,0.19604147031102734,0.4740810556079171,0.9783673469387755,1.0
131_temp_cat_Typical Time,13,temporal_reasoning,0.334983800160892,0.4155174925755587,0.8539114043355325,0.48633364750235625,0.9783673469387755,1.0
131_temp_cat_Typical Time,14,temporal_reasoning,0.5179891452444401,0.38274687764362003,0.588124410933082,0.4505183788878417,0.9783673469387755,1.0
131_temp_cat_Typical Time,15,temporal_reasoning,0.14154714987602768,0.35793630521957276,0.9830348727615457,0.4825636192271442,0.9783673469387755,1.0
132_temp_cat_Event Ordering,0,temporal_reasoning,0.6099285229655802,0.3920666459216109,0.5598491988689915,0.5108388312912346,1.0,1.0
132_temp_cat_Event Ordering,1,temporal_reasoning,0.7663846644379235,0.40601120951156044,0.3609802073515551,0.473138548539114,1.0,1.0
132_temp_cat_Event Ordering,2,temporal_reasoning,0.7927893016391152,0.3989561510510893,0.29783223374175305,0.5061262959472196,1.0,1.0
132_temp_cat_Event Ordering,3,temporal_reasoning,0.743162192441917,0.12923451450801893,0.34213006597549483,0.5494816211121584,1.0,1.0
132_temp_cat_Event Ordering,4,temporal_reasoning,0.7770683038994022,0.43496811328687857,0.29688972667295005,0.5579641847313855,1.0,1.0
132_temp_cat_Event Ordering,5,temporal_reasoning,0.15460107968411374,0.4252405271486308,0.9830348727615457,0.525918944392083,1.0,1.0
132_temp_cat_Event Ordering,6,temporal_reasoning,0.379492044011033,0.4183291836449645,0.8020735155513666,0.473138548539114,1.0,1.0
132_temp_cat_Event Ordering,7,temporal_reasoning,0.36821870378932187,0.39852593029394523,0.8096135721017907,0.5117813383600377,1.0,1.0
132_temp_cat_Event Ordering,8,temporal_reasoning,0.8213343263487447,0.3580752858394032,0.23751178133836004,0.4533459000942507,1.0,1.0
132_temp_cat_Event Ordering,9,temporal_reasoning,0.3838532113139308,0.40158930815972593,0.7935909519321395,0.4665409990574929,1.0,1.0
132_temp_cat_Event Ordering,10,temporal_reasoning,0.8755333779206285,0.43632018516089,0.15928369462770972,0.44957587181903863,1.0,1.0
132_temp_cat_Event Ordering,11,temporal_reasoning,0.3375248309797656,0.3368595690532843,0.885956644674835,0.48350612629594725,1.0,1.0
132_temp_cat_Event Ordering,12,temporal_reasoning,0.865564824522618,0.4056495004615819,0.18661639962299717,0.5183788878416589,1.0,1.0
132_temp_cat_Event Ordering,13,temporal_reasoning,0.3783423303770794,0.2547201552474012,0.7935909519321395,0.4891611687087653,1.0,1.0
132_temp_cat_Event Ordering,14,temporal_reasoning,0.3835931170347371,0.4017815784889476,0.8001885014137606,0.4872761545711593,1.0,1.0
132_temp_cat_Event Ordering,15,temporal_reasoning,0.8501828406071381,0.36436490916264086,0.18661639962299717,0.5475966069745523,1.0,1.0
133_context_type_Causality,0,context_types,0.784377086057231,0.37108712487993123,0.3506805444355484,0.5164131305044035,0.9245022123893806,0.9698957016434893
133_context_type_Causality,1,context_types,0.39374162373891397,0.41562956175172716,0.7862289831865492,0.5236188951160928,0.9245022123893806,0.9698957016434893
133_context_type_Causality,2,context_types,0.7952044019199025,0.24738913276689645,0.3322658126501201,0.5172137710168134,0.9245022123893806,0.9698957016434893
133_context_type_Causality,3,context_types,0.3968253194157032,0.3542087061892605,0.7846277021617294,0.5148118494795837,0.9245022123893806,0.9698957016434893
133_context_type_Causality,4,context_types,0.2725134441855668,0.4215187054918299,0.8622898318654924,0.48839071257005606,0.9245022123893806,0.9698957016434893
133_context_type_Causality,5,context_types,0.9332855058361376,0.393494689211211,0.10808646917534027,0.5452361889511609,0.9245022123893806,0.9698957016434893
133_context_type_Causality,6,context_types,0.4089415781890924,0.4114510759734107,0.755804643714972,0.4923939151321057,0.9245022123893806,0.9698957016434893
133_context_type_Causality,7,context_types,0.40951098659450436,0.40385095373962265,0.7598078462770216,0.49399519615692555,0.9245022123893806,0.9698957016434893
133_context_type_Causality,8,context_types,0.40592784942142357,0.4351049171187802,0.7742193755004003,0.5100080064051241,0.9245022123893806,0.9698957016434893
133_context_type_Causality,9,context_types,0.4104243011457531,0.3873726060889964,0.7838270616493195,0.49959967974379504,0.9245022123893806,0.9698957016434893
133_context_type_Causality,10,context_types,0.41198559721792694,0.4133697947954682,0.7606084867894315,0.5044035228182546,0.9245022123893806,0.9698957016434893
133_context_type_Causality,11,context_types,0.5485652763918509,0.2908343582716275,0.5532425940752602,0.5620496397117695,0.9245022123893806,0.9698957016434893
133_context_type_Causality,12,context_types,0.8446597701122811,0.35843311182729054,0.1969575660528423,0.4691753402722178,0.9245022123893806,0.9698957016434893
133_context_type_Causality,13,context_types,0.33271098710431923,0.4249436627969718,0.844675740592474,0.49639711769415534,0.9245022123893806,0.9698957016434893
133_context_type_Causality,14,context_types,0.6248952812843254,0.39665763787055264,0.44915932746196957,0.5284227381905524,0.9245022123893806,0.9698957016434893
133_context_type_Causality,15,context_types,0.931327254520024,0.4206298243437594,0.08566853482786228,0.5116092874299439,0.9245022123893806,0.9698957016434893
134_context_type_Belief_states,0,context_types,0.8400004416531914,0.42079484572525994,0.23698959167333866,0.49879903923138513,0.8205594184576485,0.9692635903919089
134_context_type_Belief_states,1,context_types,0.41455164749660667,0.39174825505080246,0.699759807846277,0.477982385908727,0.8205594184576485,0.9692635903919089
134_context_type_Belief_states,2,context_types,0.7064493204836404,0.37408640377180546,0.455564451561249,0.48839071257005606,0.8205594184576485,0.9692635903919089
134_context_type_Belief_states,3,context_types,0.8572893657438136,0.3890725233254091,0.2153722978382706,0.4835868694955965,0.8205594184576485,0.9692635903919089
134_context_type_Belief_states,4,context_types,0.8493561424919476,0.4236620643716511,0.2177742193755004,0.4875900720576461,0.8205594184576485,0.9692635903919089
134_context_type_Belief_states,5,context_types,0.851366348232329,0.4523325477656661,0.21937550040032025,0.533226581265012,0.8205594184576485,0.9692635903919089
134_context_type_Belief_states,6,context_types,0.8571400166959706,0.3927235961825928,0.20976781425140112,0.4795836669335468,0.8205594184576485,0.9692635903919089
134_context_type_Belief_states,7,context_types,0.8527289454663396,0.41945418186432426,0.21377101681345076,0.48278622898318657,0.8205594184576485,0.9692635903919089
134_context_type_Belief_states,8,context_types,0.8584228826910991,0.33308825655029994,0.21136909527622097,0.5012009607686149,0.8205594184576485,0.9692635903919089
134_context_type_Belief_states,9,context_types,0.8535948382309493,0.4098359062738619,0.18654923939151322,0.5084067253803043,0.8205594184576485,0.9692635903919089
134_context_type_Belief_states,10,context_types,0.8514696971195639,0.4007720676572659,0.21136909527622097,0.522017614091273,0.8205594184576485,0.9692635903919089
134_context_type_Belief_states,11,context_types,0.4072601683098971,0.4365410841612014,0.7678142514011209,0.48839071257005606,0.8205594184576485,0.9692635903919089
134_context_type_Belief_states,12,context_types,0.8698661524676206,0.40624588616081647,0.18734987990392313,0.5044035228182546,0.8205594184576485,0.9692635903919089
134_context_type_Belief_states,13,context_types,0.8179605141141806,0.41979887463207133,0.22658126501200962,0.5084067253803043,0.8205594184576485,0.9692635903919089
134_context_type_Belief_states,14,context_types,0.8549107966020404,0.401399323332297,0.21297037630104082,0.5068054443554844,0.8205594184576485,0.9692635903919089
134_context_type_Belief_states,15,context_types,0.8593348755548444,0.3499123580353205,0.20256204963971178,0.5204163330664532,0.8205594184576485,0.9692635903919089
135_context_type_Event_duration,0,context_types,0.707768819717856,0.3970608627156309,0.4467574059247398,0.49799839871897517,0.9666561314791403,0.9915455120101138
135_context_type_Event_duration,1,context_types,0.6608645819156147,0.27031193306198076,0.41393114491593275,0.5244195356285029,0.9666561314791403,0.9915455120101138
135_context_type_Event_duration,2,context_types,0.3439018511339065,0.3905031507814811,0.8046437149719776,0.4811849479583667,0.9666561314791403,0.9915455120101138
135_context_type_Event_duration,3,context_types,0.8196281859321808,0.40977572705872767,0.22818254603682947,0.5228182546036829,0.9666561314791403,0.9915455120101138
135_context_type_Event_duration,4,context_types,0.3880375844080397,0.40035571958034244,0.7846277021617294,0.5124099279423538,0.9666561314791403,0.9915455120101138
135_context_type_Event_duration,5,context_types,0.7948153434342331,0.32788648234803297,0.32425940752602084,0.45796637309847876,0.9666561314791403,0.9915455120101138
135_context_type_Event_duration,6,context_types,0.7178818990096771,0.42235827735898,0.3602882305844676,0.477982385908727,0.9666561314791403,0.9915455120101138
135_context_type_Event_duration,7,context_types,0.9089205367212365,0.4254984313597847,0.13050440352281825,0.49159327461969576,0.9666561314791403,0.9915455120101138
135_context_type_Event_duration,8,context_types,0.9667546287660218,0.376253427981152,0.05204163330664532,0.4771817453963171,0.9666561314791403,0.9915455120101138
135_context_type_Event_duration,9,context_types,0.9119043574497876,0.4158612741108474,0.1257005604483587,0.4899919935948759,0.9666561314791403,0.9915455120101138
135_context_type_Event_duration,10,context_types,0.9513236599944903,0.4140874989682686,0.08006405124099279,0.5196156925540433,0.9666561314791403,0.9915455120101138
135_context_type_Event_duration,11,context_types,0.6816056323664097,0.42039997440330623,0.388310648518815,0.49879903923138513,0.9666561314791403,0.9915455120101138
135_context_type_Event_duration,12,context_types,0.9187005162368853,0.3355905348427126,0.10808646917534027,0.5484387510008006,0.9666561314791403,0.9915455120101138
135_context_type_Event_duration,13,context_types,0.9088526636169598,0.43545324490259096,0.10968775020016013,0.46036829463570855,0.9666561314791403,0.9915455120101138
135_context_type_Event_duration,14,context_types,0.8966063852169293,0.43409336441024293,0.14091273018414732,0.5076060848678943,0.9666561314791403,0.9915455120101138
135_context_type_Event_duration,15,context_types,0.8727759069409231,0.4287693048213599,0.17373899119295436,0.4787830264211369,0.9666561314791403,0.9915455120101138
136_glue_mnli_entailment,0,glue_nli,0.4845702831634755,0.4041391898545523,0.7385169618733113,0.5043530471329931,0.6748854995107332,0.8643986525994279
136_glue_mnli_entailment,1,glue_nli,0.47898300297353846,0.4318939916739679,0.7193035124587212,0.5061543080156109,0.6748854995107332,0.8643986525994279
136_glue_mnli_entailment,2,glue_nli,0.47429613465896403,0.4481212947478608,0.7181026718703092,0.48303812668868207,0.6748854995107332,0.8643986525994279
136_glue_mnli_entailment,3,glue_nli,0.7420030136467188,0.41342339051914045,0.36415490843590514,0.4857400180126088,0.6748854995107332,0.8643986525994279
136_glue_mnli_entailment,4,glue_nli,0.7442541186725158,0.4283638577836053,0.3635544881416992,0.5136595616931853,0.6748854995107332,0.8643986525994279
136_glue_mnli_entailment,5,glue_nli,0.7313709592018132,0.4037575479666251,0.3821675172620835,0.4827379165415791,0.6748854995107332,0.8643986525994279
136_glue_mnli_entailment,6,glue_nli,0.7201834901136248,0.3653861194535686,0.397778444911438,0.5178625037526269,0.6748854995107332,0.8643986525994279
136_glue_mnli_entailment,7,glue_nli,0.7356973545357586,0.4173099466526782,0.3743620534374062,0.49384569198438905,0.6748854995107332,0.8643986525994279
136_glue_mnli_entailment,8,glue_nli,0.7829020577223036,0.40423565102513237,0.2948063644551186,0.49084359051335935,0.6748854995107332,0.8643986525994279
136_glue_mnli_entailment,9,glue_nli,0.795101825163508,0.42411976896642667,0.2827979585709997,0.49654758330831583,0.6748854995107332,0.8643986525994279
136_glue_mnli_entailment,10,glue_nli,0.7828187818590451,0.409821864560747,0.29810867607325126,0.5121585109576704,0.6748854995107332,0.8643986525994279
136_glue_mnli_entailment,11,glue_nli,0.5034276656097993,0.42203110140595457,0.6958871209846893,0.5052536775743021,0.6748854995107332,0.8643986525994279
136_glue_mnli_entailment,12,glue_nli,0.7912108234037412,0.41477835121551543,0.2821975382767938,0.5034524166916842,0.6748854995107332,0.8643986525994279
136_glue_mnli_entailment,13,glue_nli,0.8641753351848365,0.43400622274768086,0.18733113179225458,0.4860402281597118,0.6748854995107332,0.8643986525994279
136_glue_mnli_entailment,14,glue_nli,0.6622066410475826,0.40997133340462755,0.4356049234464125,0.5088561993395376,0.6748854995107332,0.8643986525994279
136_glue_mnli_entailment,15,glue_nli,0.4098699067963527,0.2734759523293766,0.7769438607024918,0.5007505253677574,0.6748854995107332,0.8643986525994279
137_glue_mnli_neutral,0,glue_nli,0.46818193016795817,0.36491546812067055,0.7259081356949865,0.483938757129991,0.6646661335586016,0.7743547463402682
137_glue_mnli_neutral,1,glue_nli,0.7868218391081527,0.41888549957073495,0.2921044731311918,0.48874211948363855,0.6646661335586016,0.7743547463402682
137_glue_mnli_neutral,2,glue_nli,0.5055505433895358,0.41898287040709925,0.7051936355448815,0.5109576703692584,0.6646661335586016,0.7743547463402682
137_glue_mnli_neutral,3,glue_nli,0.45729133786249165,0.4112979694885701,0.7532272590813569,0.5079555688982288,0.6646661335586016,0.7743547463402682
137_glue_mnli_neutral,4,glue_nli,0.42257592008637346,0.38839620272355857,0.7922545782047433,0.4797358150705494,0.6646661335586016,0.7743547463402682
137_glue_mnli_neutral,5,glue_nli,0.3871554150993055,0.4240635547571425,0.8276793755628941,0.4932452716901831,0.6646661335586016,0.7743547463402682
137_glue_mnli_neutral,6,glue_nli,0.3792610801231593,0.3555395988271097,0.8363854698288802,0.47463224256979886,0.6646661335586016,0.7743547463402682
137_glue_mnli_neutral,7,glue_nli,0.49474608073254833,0.25185868951767576,0.7069948964274992,0.4848393875712999,0.6646661335586016,0.7743547463402682
137_glue_mnli_neutral,8,glue_nli,0.39268402222931265,0.34217682895593104,0.8261783248273792,0.5067547283098168,0.6646661335586016,0.7743547463402682
137_glue_mnli_neutral,9,glue_nli,0.5519041811957723,0.3418937515938014,0.5499849894926448,0.5196637646352447,0.6646661335586016,0.7743547463402682
137_glue_mnli_neutral,10,glue_nli,0.42272456621227295,0.38223752775249364,0.764335034524167,0.494746322425698,0.6646661335586016,0.7743547463402682
137_glue_mnli_neutral,11,glue_nli,0.7560972873863792,0.4235612900304273,0.35574902431702193,0.4956469528670069,0.6646661335586016,0.7743547463402682
137_glue_mnli_neutral,12,glue_nli,0.9044937569396374,0.3192319061914657,0.12008405884118883,0.49864905433803663,0.6646661335586016,0.7743547463402682
137_glue_mnli_neutral,13,glue_nli,0.891637356073341,0.41046721213110393,0.13029120384268988,0.494746322425698,0.6646661335586016,0.7743547463402682
137_glue_mnli_neutral,14,glue_nli,0.8897315341107672,0.38136112094175134,0.14019813869708797,0.4659261483038127,0.6646661335586016,0.7743547463402682
137_glue_mnli_neutral,15,glue_nli,0.9127036812446874,0.4012364152675889,0.10687481236865806,0.5073551486040229,0.6646661335586016,0.7743547463402682
138_glue_mnli_contradiction,0,glue_nli,0.7417918011107287,0.3376465755867024,0.36265385770039027,0.4764335034524167,0.7463692033892445,0.8827427808700383
138_glue_mnli_contradiction,1,glue_nli,0.8584903597429066,0.27620569741016987,0.18072650855598918,0.4791353947763434,0.7463692033892445,0.8827427808700383
138_glue_mnli_contradiction,2,glue_nli,0.6582394336416617,0.3878445272901019,0.4611227859501651,0.4980486340438307,0.7463692033892445,0.8827427808700383
138_glue_mnli_contradiction,3,glue_nli,0.8866167322812364,0.42573533915735995,0.15550885619933955,0.4998498949264485,0.7463692033892445,0.8827427808700383
138_glue_mnli_contradiction,4,glue_nli,0.4901010864452806,0.3724998922731064,0.7232062443710597,0.4953467427199039,0.7463692033892445,0.8827427808700383
138_glue_mnli_contradiction,5,glue_nli,0.6378080556911467,0.41424059289045956,0.4668267787451216,0.4968477934554188,0.7463692033892445,0.8827427808700383
138_glue_mnli_contradiction,6,glue_nli,0.736784225425503,0.3402622270996618,0.3278294806364455,0.5106574602221555,0.7463692033892445,0.8827427808700383
138_glue_mnli_contradiction,7,glue_nli,0.4223166306068489,0.40139664952296505,0.7655358751125788,0.5004503152206544,0.7463692033892445,0.8827427808700383
138_glue_mnli_contradiction,8,glue_nli,0.6871179327853787,0.4201894220409612,0.451816271389973,0.49384569198438905,0.7463692033892445,0.8827427808700383
138_glue_mnli_contradiction,9,glue_nli,0.7731839626459018,0.413573808017923,0.30651456019213447,0.5085559891924347,0.7463692033892445,0.8827427808700383
138_glue_mnli_contradiction,10,glue_nli,0.48667639583115885,0.44397601763602634,0.7111978384869408,0.4884419093365356,0.7463692033892445,0.8827427808700383
138_glue_mnli_contradiction,11,glue_nli,0.5668784733567309,0.4282020679878267,0.5325728009606725,0.48243770639447614,0.7463692033892445,0.8827427808700383
138_glue_mnli_contradiction,12,glue_nli,0.7796155659998656,0.3652114151190933,0.3041128790153107,0.49924947463224256,0.7463692033892445,0.8827427808700383
138_glue_mnli_contradiction,13,glue_nli,0.7559353819308128,0.43606972574579617,0.35514860402281595,0.5151606124287,0.7463692033892445,0.8827427808700383
138_glue_mnli_contradiction,14,glue_nli,0.9561721197661879,0.4107733550281514,0.05193635544881417,0.48754127889522664,0.7463692033892445,0.8827427808700383
138_glue_mnli_contradiction,15,glue_nli,0.9330241522696447,0.414824979430221,0.08345842089462624,0.483938757129991,0.7463692033892445,0.8827427808700383
139_news_class_Politics,0,news_topics,0.7579960992786201,0.43707655963933,0.3397358943577431,0.529811924769908,0.9329663581574756,0.9663287406279761
139_news_class_Politics,1,news_topics,0.83907605268986,0.39017892026196255,0.24409763905562226,0.47138855542216884,0.9329663581574756,0.9663287406279761
139_news_class_Politics,2,news_topics,0.3328166796412493,0.3891250453443893,0.8391356542617047,0.4897959183673469,0.9329663581574756,0.9663287406279761
139_news_class_Politics,3,news_topics,0.8655522960989563,0.3789700024546956,0.19647859143657462,0.5182072829131653,0.9329663581574756,0.9663287406279761
139_news_class_Politics,4,news_topics,0.36980318892341835,0.41633036931137224,0.7907162865146058,0.5274109643857543,0.9329663581574756,0.9663287406279761
139_news_class_Politics,5,news_topics,0.768567171368556,0.38133582671174104,0.3013205282112845,0.4953981592637055,0.9329663581574756,0.9663287406279761
139_news_class_Politics,6,news_topics,0.3288416236246423,0.41357062541427037,0.8279311724689876,0.5018007202881153,0.9329663581574756,0.9663287406279761
139_news_class_Politics,7,news_topics,0.3317034080160377,0.4285977186080272,0.820328131252501,0.5066026410564226,0.9329663581574756,0.9663287406279761
139_news_class_Politics,8,news_topics,0.8290915908039247,0.4176082815792732,0.2605042016806723,0.501000400160064,0.9329663581574756,0.9663287406279761
139_news_class_Politics,9,news_topics,0.9111843367652259,0.46437905211857733,0.13805522208883553,0.5614245698279312,0.9329663581574756,0.9663287406279761
139_news_class_Politics,10,news_topics,0.8878726850336012,0.19108502649306125,0.15806322529011604,0.5222088835534213,0.9329663581574756,0.9663287406279761
139_news_class_Politics,11,news_topics,0.8505327720889873,0.4085453214731276,0.21568627450980393,0.5034013605442177,0.9329663581574756,0.9663287406279761
139_news_class_Politics,12,news_topics,0.9612075001990539,0.4347938433600713,0.05562224889955982,0.539015606242497,0.9329663581574756,0.9663287406279761
139_news_class_Politics,13,news_topics,0.850530706826669,0.418513770300998,0.17687074829931973,0.48259303721488594,0.9329663581574756,0.9663287406279761
139_news_class_Politics,14,news_topics,0.69744928375484,0.41736016936529485,0.44457783113245297,0.484593837535014,0.9329663581574756,0.9663287406279761
139_news_class_Politics,15,news_topics,0.8810590907619302,0.42471759038492785,0.17807122849139656,0.5042016806722689,0.9329663581574756,0.9663287406279761
140_news_class_Technology,0,news_topics,0.8030066318545483,0.42443846082200065,0.29971988795518206,0.5202080832332934,0.8965060139068148,0.9544443341312654
140_news_class_Technology,1,news_topics,0.6419473511048945,0.4197873070680216,0.45858343337334934,0.5002000800320128,0.8965060139068148,0.9544443341312654
140_news_class_Technology,2,news_topics,0.898776966869685,0.4289343518918354,0.15926370548219287,0.5006002400960384,0.8965060139068148,0.9544443341312654
140_news_class_Technology,3,news_topics,0.8975017138973136,0.4280604592266095,0.14365746298519408,0.5154061624649859,0.8965060139068148,0.9544443341312654
140_news_class_Technology,4,news_topics,0.3799318644710139,0.3633916852326913,0.7815126050420168,0.5034013605442177,0.8965060139068148,0.9544443341312654
140_news_class_Technology,5,news_topics,0.8871234312802632,0.4170034026547398,0.1600640256102441,0.5066026410564226,0.8965060139068148,0.9544443341312654
140_news_class_Technology,6,news_topics,0.8709090701880209,0.415590728033536,0.19247699079631853,0.5006002400960384,0.8965060139068148,0.9544443341312654
140_news_class_Technology,7,news_topics,0.8886999163196947,0.35535242315521764,0.15366146458583432,0.5250100040016007,0.8965060139068148,0.9544443341312654
140_news_class_Technology,8,news_topics,0.6189342598153738,0.4231597238100566,0.5822328931572629,0.5018007202881153,0.8965060139068148,0.9544443341312654
140_news_class_Technology,9,news_topics,0.8840883790369283,0.4247525406159489,0.1752701080432173,0.47058823529411764,0.8965060139068148,0.9544443341312654
140_news_class_Technology,10,news_topics,0.34104309302849667,0.37759330015806336,0.8319327731092437,0.5214085634253701,0.8965060139068148,0.9544443341312654
140_news_class_Technology,11,news_topics,0.6187063794465704,0.434190439770032,0.571828731492597,0.49019607843137253,0.8965060139068148,0.9544443341312654
140_news_class_Technology,12,news_topics,0.570051481226757,0.4178312966620745,0.6470588235294118,0.48659463785514206,0.8965060139068148,0.9544443341312654
140_news_class_Technology,13,news_topics,0.5640616798891913,0.24102372862267818,0.636654661864746,0.5130052020808323,0.8965060139068148,0.9544443341312654
140_news_class_Technology,14,news_topics,0.8889737494702117,0.4270595773733774,0.15966386554621848,0.49779911964785917,0.8965060139068148,0.9544443341312654
140_news_class_Technology,15,news_topics,0.8868347211961216,0.4117941768107203,0.17286914765906364,0.4925970388155262,0.8965060139068148,0.9544443341312654
141_news_class_Entertainment,0,news_topics,0.700210003426267,0.37826458193939216,0.4417767106842737,0.4689875950380152,0.8524919747162194,0.9457921037826388
141_news_class_Entertainment,1,news_topics,0.6508062818502869,0.4330807759319426,0.44337735094037617,0.5310124049619848,0.8524919747162194,0.9457921037826388
141_news_class_Entertainment,2,news_topics,0.5919526654972691,0.20027378524338202,0.5462184873949579,0.4805922368947579,0.8524919747162194,0.9457921037826388
141_news_class_Entertainment,3,news_topics,0.6010852666996436,0.4129367609967747,0.5830332132853141,0.4881952781112445,0.8524919747162194,0.9457921037826388
141_news_class_Entertainment,4,news_topics,0.6058550964812752,0.43170212039415645,0.5922368947579032,0.4965986394557823,0.8524919747162194,0.9457921037826388
141_news_class_Entertainment,5,news_topics,0.8817793488977699,0.4152252879529612,0.17006802721088435,0.5250100040016007,0.8524919747162194,0.9457921037826388
141_news_class_Entertainment,6,news_topics,0.6238384545007483,0.42096522875815756,0.5630252100840336,0.4897959183673469,0.8524919747162194,0.9457921037826388
141_news_class_Entertainment,7,news_topics,0.573949238121648,0.14772783240075182,0.5730292116846739,0.5242096838735494,0.8524919747162194,0.9457921037826388
141_news_class_Entertainment,8,news_topics,0.5639113151660327,0.3862185600910184,0.5854341736694678,0.4785914365746298,0.8524919747162194,0.9457921037826388
141_news_class_Entertainment,9,news_topics,0.8941802924244266,0.42556924422616094,0.1644657863145258,0.47018807523009204,0.8524919747162194,0.9457921037826388
141_news_class_Entertainment,10,news_topics,0.569501384440837,0.3890925682858115,0.5762304921968787,0.4897959183673469,0.8524919747162194,0.9457921037826388
141_news_class_Entertainment,11,news_topics,0.6367741940736367,0.4173553832969845,0.5302120848339336,0.49419767907162865,0.8524919747162194,0.9457921037826388
141_news_class_Entertainment,12,news_topics,0.6006565638943155,0.4099158224610624,0.5294117647058824,0.5110044017607043,0.8524919747162194,0.9457921037826388
141_news_class_Entertainment,13,news_topics,0.6550952825720222,0.4156355980526101,0.5262104841936774,0.49019607843137253,0.8524919747162194,0.9457921037826388
141_news_class_Entertainment,14,news_topics,0.5802089784108082,0.4104390018399966,0.56062424969988,0.5058023209283713,0.8524919747162194,0.9457921037826388
141_news_class_Entertainment,15,news_topics,0.6783807166581919,0.42729436688889044,0.40416166466586634,0.5074029611844738,0.8524919747162194,0.9457921037826388
142_cancer_cat_Thyroid_Cancer,0,cancer_categories,0.911440155430636,0.4096305746682407,0.21580102414045355,0.5164594001463058,0.6217700258397932,0.9997280021759826
142_cancer_cat_Thyroid_Cancer,1,cancer_categories,0.9222938153485392,0.5408452782474169,0.196781272860278,0.6510607168983175,0.6217700258397932,0.9997280021759826
142_cancer_cat_Thyroid_Cancer,2,cancer_categories,0.8998642699105177,0.4157613185453548,0.24506217995610827,0.5223116313094367,0.6217700258397932,0.9997280021759826
142_cancer_cat_Thyroid_Cancer,3,cancer_categories,0.9026312739579903,0.415323854308022,0.2421360643745428,0.49890270665691294,0.6217700258397932,0.9997280021759826
142_cancer_cat_Thyroid_Cancer,4,cancer_categories,0.8818933932796749,0.4602951397128998,0.2765179224579371,0.5471836137527433,0.6217700258397932,0.9997280021759826
142_cancer_cat_Thyroid_Cancer,5,cancer_categories,0.9271833459321015,0.43782543051761125,0.18361375274323335,0.5076810534016094,0.6217700258397932,0.9997280021759826
142_cancer_cat_Thyroid_Cancer,6,cancer_categories,0.9210689538618007,0.44815938415240786,0.1960497439648866,0.5084125822970007,0.6217700258397932,0.9997280021759826
142_cancer_cat_Thyroid_Cancer,7,cancer_categories,0.9042426012029352,0.38509226280622033,0.23189465983906365,0.46891002194586684,0.6217700258397932,0.9997280021759826
142_cancer_cat_Thyroid_Cancer,8,cancer_categories,0.9164270107503263,0.40496251676146744,0.2099487929773226,0.4769568397951719,0.6217700258397932,0.9997280021759826
142_cancer_cat_Thyroid_Cancer,9,cancer_categories,0.9061962030512194,0.4082139337569308,0.22677395757132407,0.48354059985369424,0.6217700258397932,0.9997280021759826
142_cancer_cat_Thyroid_Cancer,10,cancer_categories,0.9168767956216273,0.3682565945991576,0.20702267739575714,0.46744696415508413,0.6217700258397932,0.9997280021759826
142_cancer_cat_Thyroid_Cancer,11,cancer_categories,0.9277593515539664,0.42031274484812897,0.19019751280175567,0.5230431602048281,0.6217700258397932,0.9997280021759826
142_cancer_cat_Thyroid_Cancer,12,cancer_categories,0.9166819019585164,0.43275546674298315,0.2121433796634967,0.479151426481346,0.6217700258397932,0.9997280021759826
142_cancer_cat_Thyroid_Cancer,13,cancer_categories,0.9275383643058006,0.4259652131566922,0.18580833942940747,0.5062179956108266,0.6217700258397932,0.9997280021759826
142_cancer_cat_Thyroid_Cancer,14,cancer_categories,0.924853308657041,0.3853637370909968,0.18580833942940747,0.5091441111923921,0.6217700258397932,0.9997280021759826
142_cancer_cat_Thyroid_Cancer,15,cancer_categories,0.9410952246882966,0.4182656079237346,0.1528895391367959,0.49231894659839065,0.6217700258397932,0.9997280021759826
143_cancer_cat_Lung_Cancer,0,cancer_categories,0.883095999373785,0.4364965799499516,0.2970007315288954,0.5318215069495245,0.6954644362845096,0.9999320005439957
143_cancer_cat_Lung_Cancer,1,cancer_categories,0.8600298603081165,0.41020837295294066,0.3423555230431602,0.3899049012435991,0.6954644362845096,0.9999320005439957
143_cancer_cat_Lung_Cancer,2,cancer_categories,0.8930051497006259,0.37619973966172293,0.2721287490855889,0.46598390636430137,0.6954644362845096,0.9999320005439957
143_cancer_cat_Lung_Cancer,3,cancer_categories,0.8812855741282659,0.38218398142783694,0.3043160204828091,0.47622531089978054,0.6954644362845096,0.9999320005439957
143_cancer_cat_Lung_Cancer,4,cancer_categories,0.9066046741684635,0.41617648233420423,0.2421360643745428,0.506949524506218,0.6954644362845096,0.9999320005439957
143_cancer_cat_Lung_Cancer,5,cancer_categories,0.908175894954212,0.4552157729572628,0.23116313094367227,0.44184345281638626,0.6954644362845096,0.9999320005439957
143_cancer_cat_Lung_Cancer,6,cancer_categories,0.8856427154248876,0.4420265624689441,0.2896854425749817,0.4776883686905633,0.6954644362845096,0.9999320005439957
143_cancer_cat_Lung_Cancer,7,cancer_categories,0.9106858266688374,0.47111340173629457,0.22896854425749816,0.415508412582297,0.6954644362845096,0.9999320005439957
143_cancer_cat_Lung_Cancer,8,cancer_categories,0.9047763739512247,0.4431670156872147,0.25091441111923923,0.5010972933430871,0.6954644362845096,0.9999320005439957
143_cancer_cat_Lung_Cancer,9,cancer_categories,0.8855484537271439,0.4076925793609969,0.288222384784199,0.5135332845647403,0.6954644362845096,0.9999320005439957
143_cancer_cat_Lung_Cancer,10,cancer_categories,0.9178076977585212,0.4220402301138342,0.21726408193123628,0.5142648134601316,0.6954644362845096,0.9999320005439957
143_cancer_cat_Lung_Cancer,11,cancer_categories,0.9029917418534168,0.48126699788333216,0.24579370885149962,0.4074615947329919,0.6954644362845096,0.9999320005439957
143_cancer_cat_Lung_Cancer,12,cancer_categories,0.9139069922889045,0.43694573699899375,0.22238478419897587,0.5384052670080468,0.6954644362845096,0.9999320005439957
143_cancer_cat_Lung_Cancer,13,cancer_categories,0.9103174328660482,0.44452553832147945,0.23628383321141186,0.5618141916605706,0.6954644362845096,0.9999320005439957
143_cancer_cat_Lung_Cancer,14,cancer_categories,0.9277500210482212,0.4559175628570775,0.1960497439648866,0.46452084857351866,0.6954644362845096,0.9999320005439957
143_cancer_cat_Lung_Cancer,15,cancer_categories,0.9127576366704229,0.4678629662083007,0.21726408193123628,0.46744696415508413,0.6954644362845096,0.9999320005439957
144_cancer_cat_Colon_Cancer,0,cancer_categories,0.8974242451490926,0.3453561075781395,0.23482077542062912,0.4301389904901244,0.6763565891472868,1.0
144_cancer_cat_Colon_Cancer,1,cancer_categories,0.8700929162471156,0.4477189502195744,0.28383321141185075,0.3811265544989027,0.6763565891472868,1.0
144_cancer_cat_Colon_Cancer,2,cancer_categories,0.8914211651304371,0.44258397363504454,0.246525237746891,0.4981711777615216,0.6763565891472868,1.0
144_cancer_cat_Colon_Cancer,3,cancer_categories,0.899987502634944,0.4563789304926633,0.22970007315288954,0.5164594001463058,0.6763565891472868,1.0
144_cancer_cat_Colon_Cancer,4,cancer_categories,0.9138679006308592,0.4091742030421288,0.196781272860278,0.4908558888076079,0.6763565891472868,1.0
144_cancer_cat_Colon_Cancer,5,cancer_categories,0.9131037785942899,0.395275294455526,0.20482809070958302,0.5113386978785662,0.6763565891472868,1.0
144_cancer_cat_Colon_Cancer,6,cancer_categories,0.9021802299866835,0.41752938902369463,0.22457937088514995,0.4981711777615216,0.6763565891472868,1.0
144_cancer_cat_Colon_Cancer,7,cancer_categories,0.9059184297026028,0.43664201979142003,0.22238478419897587,0.5252377468910022,0.6763565891472868,1.0
144_cancer_cat_Colon_Cancer,8,cancer_categories,0.8977716613570026,0.43091914762916383,0.232626188734455,0.4864667154352597,0.6763565891472868,1.0
144_cancer_cat_Colon_Cancer,9,cancer_categories,0.9178631276703888,0.3981864293154773,0.19092904169714703,0.4813460131675201,0.6763565891472868,1.0
144_cancer_cat_Colon_Cancer,10,cancer_categories,0.9234772421264885,0.3911366465173549,0.1894659839063643,0.4893928310168252,0.6763565891472868,1.0
144_cancer_cat_Colon_Cancer,11,cancer_categories,0.9219408107800575,0.4074886452196764,0.18434528163862474,0.506949524506218,0.6763565891472868,1.0
144_cancer_cat_Colon_Cancer,12,cancer_categories,0.9173597837698053,0.4749987967814182,0.18653986832479882,0.4981711777615216,0.6763565891472868,1.0
144_cancer_cat_Colon_Cancer,13,cancer_categories,0.9264315462393593,0.4364714551717812,0.1894659839063643,0.5230431602048281,0.6763565891472868,1.0
144_cancer_cat_Colon_Cancer,14,cancer_categories,0.9095887713107773,0.4298391523378635,0.20921726408193123,0.5501097293343087,0.6763565891472868,1.0
144_cancer_cat_Colon_Cancer,15,cancer_categories,0.9078842576089659,0.3829443878725327,0.2150694952450622,0.49231894659839065,0.6763565891472868,1.0
145_disease_class_digestive system diseases,0,disease_classes,0.47112582891008636,0.4026424270950797,0.6603235014272122,0.5128449096098954,0.5259183673469389,0.6591836734693878
145_disease_class_digestive system diseases,1,disease_classes,0.348879574035903,0.4338762256122888,0.7402473834443387,0.5176022835394862,0.5259183673469389,0.6591836734693878
145_disease_class_digestive system diseases,2,disease_classes,0.3161610059683495,0.37851592470842954,0.7725975261655567,0.4928639391056137,0.5259183673469389,0.6591836734693878
145_disease_class_digestive system diseases,3,disease_classes,0.8502729789253947,0.32825925697698044,0.1845861084681256,0.5061845861084682,0.5259183673469389,0.6591836734693878
145_disease_class_digestive system diseases,4,disease_classes,0.8461242321360909,0.43961412428843083,0.18363463368220742,0.4586108468125595,0.5259183673469389,0.6591836734693878
145_disease_class_digestive system diseases,5,disease_classes,0.8527676220594165,0.45681252611519985,0.18173168411037108,0.5642245480494766,0.5259183673469389,0.6591836734693878
145_disease_class_digestive system diseases,6,disease_classes,0.8584721259699772,0.416381845563605,0.18268315889628925,0.5004757373929591,0.5259183673469389,0.6591836734693878
145_disease_class_digestive system diseases,7,disease_classes,0.8633058050323237,0.4209260292829997,0.17126546146527116,0.49476688867745006,0.5259183673469389,0.6591836734693878
145_disease_class_digestive system diseases,8,disease_classes,0.8887655307434854,0.3230214097175834,0.1522359657469077,0.45575642245480497,0.5259183673469389,0.6591836734693878
145_disease_class_digestive system diseases,9,disease_classes,0.8927275674316706,0.27487320980017826,0.1560418648905804,0.5042816365366318,0.5259183673469389,0.6591836734693878
145_disease_class_digestive system diseases,10,disease_classes,0.3238659930192114,0.4209475090467518,0.7611798287345385,0.46907706945765937,0.5259183673469389,0.6591836734693878
145_disease_class_digestive system diseases,11,disease_classes,0.8393242943913486,0.4083471606810041,0.18268315889628925,0.5309229305423406,0.5259183673469389,0.6591836734693878
145_disease_class_digestive system diseases,12,disease_classes,0.8294143995541468,0.30259302029300406,0.2055185537583254,0.5156993339676499,0.5259183673469389,0.6591836734693878
145_disease_class_digestive system diseases,13,disease_classes,0.5431650020197665,0.40742020346122554,0.5023786869647955,0.5128449096098954,0.5259183673469389,0.6591836734693878
145_disease_class_digestive system diseases,14,disease_classes,0.8463621645243578,0.4026891809458413,0.18268315889628925,0.4785918173168411,0.5259183673469389,0.6591836734693878
145_disease_class_digestive system diseases,15,disease_classes,0.8375024578757815,0.4377633827477272,0.18268315889628925,0.4785918173168411,0.5259183673469389,0.6591836734693878
146_disease_class_cardiovascular diseases,0,disease_classes,0.911239355347994,0.4082197152656166,0.10180780209324453,0.5223596574690771,0.4946938775510204,0.8942857142857142
146_disease_class_cardiovascular diseases,1,disease_classes,0.8210757187749465,0.40970458071753835,0.2530922930542341,0.4719314938154139,0.4946938775510204,0.8942857142857142
146_disease_class_cardiovascular diseases,2,disease_classes,0.862593331714389,0.41152812725666976,0.17507136060894388,0.5214081826831589,0.4946938775510204,0.8942857142857142
146_disease_class_cardiovascular diseases,3,disease_classes,0.8787479130888001,0.40399434012970104,0.14462416745956233,0.4966698382492864,0.4946938775510204,0.8942857142857142
146_disease_class_cardiovascular diseases,4,disease_classes,0.5688109055753066,0.41266384100954157,0.4747859181731684,0.47668886774500474,0.4946938775510204,0.8942857142857142
146_disease_class_cardiovascular diseases,5,disease_classes,0.34030972781974356,0.2944107570961052,0.7440532825880114,0.5432921027592769,0.4946938775510204,0.8942857142857142
146_disease_class_cardiovascular diseases,6,disease_classes,0.2922580256039691,0.3808137831317919,0.8049476688867745,0.5071360608943863,0.4946938775510204,0.8942857142857142
146_disease_class_cardiovascular diseases,7,disease_classes,0.8826514945047581,0.33786153097419946,0.16936251189343482,0.47954329210275926,0.4946938775510204,0.8942857142857142
146_disease_class_cardiovascular diseases,8,disease_classes,0.3698941814022576,0.4118857343443658,0.7117031398667936,0.4995242626070409,0.4946938775510204,0.8942857142857142
146_disease_class_cardiovascular diseases,9,disease_classes,0.8443417485064426,0.3785011281762385,0.19695528068506185,0.5156993339676499,0.4946938775510204,0.8942857142857142
146_disease_class_cardiovascular diseases,10,disease_classes,0.8524857395605017,0.38150645075806344,0.19790675547098002,0.544243577545195,0.4946938775510204,0.8942857142857142
146_disease_class_cardiovascular diseases,11,disease_classes,0.8893014338486738,0.3893148606794967,0.17221693625118933,0.5299714557564225,0.4946938775510204,0.8942857142857142
146_disease_class_cardiovascular diseases,12,disease_classes,0.821556553660824,0.3845666197966462,0.21693625118934348,0.5137963843958135,0.4946938775510204,0.8942857142857142
146_disease_class_cardiovascular diseases,13,disease_classes,0.840669229206078,0.35932270909166464,0.19980970504281637,0.510941960038059,0.4946938775510204,0.8942857142857142
146_disease_class_cardiovascular diseases,14,disease_classes,0.9683701294513036,0.2844207490062012,0.03615604186489058,0.5071360608943863,0.4946938775510204,0.8942857142857142
146_disease_class_cardiovascular diseases,15,disease_classes,0.2981683011369205,0.41885228994062906,0.7878211227402474,0.4995242626070409,0.4946938775510204,0.8942857142857142
147_disease_class_nervous system diseases,0,disease_classes,0.4899352603715861,0.4124978618330337,0.6393910561370124,0.5042816365366318,0.5451020408163265,0.8332653061224489
147_disease_class_nervous system diseases,1,disease_classes,0.26834092915356655,0.29638907308714635,0.8220742150333016,0.5033301617507137,0.5451020408163265,0.8332653061224489
147_disease_class_nervous system diseases,2,disease_classes,0.2688360416230331,0.4012535148789733,0.8239771646051379,0.5185537583254044,0.5451020408163265,0.8332653061224489
147_disease_class_nervous system diseases,3,disease_classes,0.25256053004148504,0.34842630871927227,0.8306374881065651,0.4966698382492864,0.5451020408163265,0.8332653061224489
147_disease_class_nervous system diseases,4,disease_classes,0.36303120004931055,0.428357217985359,0.7240723120837298,0.5014272121788773,0.5451020408163265,0.8332653061224489
147_disease_class_nervous system diseases,5,disease_classes,0.27332964550666117,0.42154474957205745,0.8268315889628924,0.49762131303520457,0.5451020408163265,0.8332653061224489
147_disease_class_nervous system diseases,6,disease_classes,0.2643919665566976,0.4254957940488304,0.8230256898192198,0.467174119885823,0.5451020408163265,0.8332653061224489
147_disease_class_nervous system diseases,7,disease_classes,0.3331518582109698,0.37410394674876746,0.7545195052331113,0.5518553758325404,0.5451020408163265,0.8332653061224489
147_disease_class_nervous system diseases,8,disease_classes,0.27935941804325704,0.3873330254624905,0.8087535680304472,0.5023786869647955,0.5451020408163265,0.8332653061224489
147_disease_class_nervous system diseases,9,disease_classes,0.26689274999835866,0.3734663771007454,0.8220742150333016,0.5528068506184586,0.5451020408163265,0.8332653061224489
147_disease_class_nervous system diseases,10,disease_classes,0.2658560488514574,0.3585046196855899,0.8287345385347288,0.50523311132255,0.5451020408163265,0.8332653061224489
147_disease_class_nervous system diseases,11,disease_classes,0.2727258213394552,0.4095518396730391,0.8211227402473834,0.5118934348239772,0.5451020408163265,0.8332653061224489
147_disease_class_nervous system diseases,12,disease_classes,0.31053540775096833,0.23413412508554554,0.7773549000951475,0.5347288296860133,0.5451020408163265,0.8332653061224489
147_disease_class_nervous system diseases,13,disease_classes,0.2793836074570202,0.4122400731157614,0.8220742150333016,0.49191246431969554,0.5451020408163265,0.8332653061224489
147_disease_class_nervous system diseases,14,disease_classes,0.2804515804825647,0.3844577766076569,0.8087535680304472,0.5432921027592769,0.5451020408163265,0.8332653061224489
147_disease_class_nervous system diseases,15,disease_classes,0.26935066736750835,0.32997344766942716,0.8211227402473834,0.5061845861084682,0.5451020408163265,0.8332653061224489
148_twt_emotion_worry,0,twitter_emotions,0.8244182771572488,0.41835541781625896,0.2533013205282113,0.4973989595838335,0.6395608800050009,0.6228355634981044
148_twt_emotion_worry,1,twitter_emotions,0.6042716918693345,0.399117309376404,0.5462184873949579,0.5214085634253701,0.6395608800050009,0.6228355634981044
148_twt_emotion_worry,2,twitter_emotions,0.5943787501716182,0.41797350870556915,0.5806322529011605,0.48699479791916767,0.6395608800050009,0.6228355634981044
148_twt_emotion_worry,3,twitter_emotions,0.5816423617627544,0.420628696401097,0.5922368947579032,0.5038015206082433,0.6395608800050009,0.6228355634981044
148_twt_emotion_worry,4,twitter_emotions,0.5797963627493772,0.4018079153124696,0.59343737494998,0.5054021608643458,0.6395608800050009,0.6228355634981044
148_twt_emotion_worry,5,twitter_emotions,0.7566908832141033,0.4117117968839965,0.3153261304521809,0.4965986394557823,0.6395608800050009,0.6228355634981044
148_twt_emotion_worry,6,twitter_emotions,0.5837619696071139,0.42140446783128027,0.5946378551420568,0.49939975990396157,0.6395608800050009,0.6228355634981044
148_twt_emotion_worry,7,twitter_emotions,0.6010445275183447,0.4220972508072429,0.5394157663065227,0.5058023209283713,0.6395608800050009,0.6228355634981044
148_twt_emotion_worry,8,twitter_emotions,0.5852387489498356,0.4203850630704695,0.5818327330932372,0.49379751900760305,0.6395608800050009,0.6228355634981044
148_twt_emotion_worry,9,twitter_emotions,0.5727300804084592,0.41485495442197506,0.6238495398159264,0.4965986394557823,0.6395608800050009,0.6228355634981044
148_twt_emotion_worry,10,twitter_emotions,0.6235507837856973,0.4097930126047995,0.5042016806722689,0.49939975990396157,0.6395608800050009,0.6228355634981044
148_twt_emotion_worry,11,twitter_emotions,0.5740509160254634,0.4223343353532123,0.6034413765506202,0.4961984793917567,0.6395608800050009,0.6228355634981044
148_twt_emotion_worry,12,twitter_emotions,0.6358760289086558,0.42969901801962584,0.4841936774709884,0.49339735894357745,0.6395608800050009,0.6228355634981044
148_twt_emotion_worry,13,twitter_emotions,0.6430384954469299,0.42116633777810897,0.4769907963185274,0.491796718687475,0.6395608800050009,0.6228355634981044
148_twt_emotion_worry,14,twitter_emotions,0.603054751831001,0.4054240660300936,0.5258103241296519,0.49459783913565425,0.6395608800050009,0.6228355634981044
148_twt_emotion_worry,15,twitter_emotions,0.885713923537693,0.4159568576985637,0.14325730292116848,0.5058023209283713,0.6395608800050009,0.6228355634981044
149_twt_emotion_happiness,0,twitter_emotions,0.5490106010013311,0.42365568205400206,0.6266506602641057,0.4897959183673469,0.7238585343791022,0.7591219806363599
149_twt_emotion_happiness,1,twitter_emotions,0.5619313013801266,0.4186499600278015,0.6238495398159264,0.5090036014405762,0.7238585343791022,0.7591219806363599
149_twt_emotion_happiness,2,twitter_emotions,0.5688447842946724,0.4287178807756342,0.5734293717486995,0.5106042416966786,0.7238585343791022,0.7591219806363599
149_twt_emotion_happiness,3,twitter_emotions,0.5698095775660517,0.40651764497005716,0.5902360944377751,0.5346138455382153,0.7238585343791022,0.7591219806363599
149_twt_emotion_happiness,4,twitter_emotions,0.7002392236972643,0.4277353922032816,0.4217687074829932,0.5234093637454982,0.7238585343791022,0.7591219806363599
149_twt_emotion_happiness,5,twitter_emotions,0.6095213692451196,0.41838108256066575,0.5150060024009604,0.5170068027210885,0.7238585343791022,0.7591219806363599
149_twt_emotion_happiness,6,twitter_emotions,0.5420043809041637,0.4067939731006922,0.6558623449379752,0.4841936774709884,0.7238585343791022,0.7591219806363599
149_twt_emotion_happiness,7,twitter_emotions,0.6227872188126016,0.38990076075043945,0.4965986394557823,0.4733893557422969,0.7238585343791022,0.7591219806363599
149_twt_emotion_happiness,8,twitter_emotions,0.5508111314702495,0.41579587746609525,0.6246498599439776,0.5006002400960384,0.7238585343791022,0.7591219806363599
149_twt_emotion_happiness,9,twitter_emotions,0.5555747720549571,0.4161758836495615,0.6138455382152861,0.5150060024009604,0.7238585343791022,0.7591219806363599
149_twt_emotion_happiness,10,twitter_emotions,0.5534054077562931,0.4118890179729686,0.6258503401360545,0.49979991996798717,0.7238585343791022,0.7591219806363599
149_twt_emotion_happiness,11,twitter_emotions,0.8832919246137068,0.4036728107617227,0.1672669067627051,0.48739495798319327,0.7238585343791022,0.7591219806363599
149_twt_emotion_happiness,12,twitter_emotions,0.8369653775130237,0.38306582532635813,0.21768707482993196,0.5114045618247299,0.7238585343791022,0.7591219806363599
149_twt_emotion_happiness,13,twitter_emotions,0.8231848951132195,0.28790473489246793,0.22208883553421369,0.4893957583033213,0.7238585343791022,0.7591219806363599
149_twt_emotion_happiness,14,twitter_emotions,0.5907324567694505,0.4298395111902418,0.5350140056022409,0.5058023209283713,0.7238585343791022,0.7591219806363599
149_twt_emotion_happiness,15,twitter_emotions,0.6629178883351894,0.4172319602118577,0.44617847138855543,0.49019607843137253,0.7238585343791022,0.7591219806363599
150_twt_emotion_sadness,0,twitter_emotions,0.5784449171651613,0.4260384044685268,0.5930372148859544,0.4965986394557823,0.6368903817939129,0.6597417568476905
150_twt_emotion_sadness,1,twitter_emotions,0.5921326664153779,0.4122669265328174,0.5830332132853141,0.5154061624649859,0.6368903817939129,0.6597417568476905
150_twt_emotion_sadness,2,twitter_emotions,0.568265635453872,0.42109907515749234,0.6274509803921569,0.4957983193277311,0.6368903817939129,0.6597417568476905
150_twt_emotion_sadness,3,twitter_emotions,0.602086422414553,0.40217374676050643,0.5458183273309324,0.5046018407362945,0.6368903817939129,0.6597417568476905
150_twt_emotion_sadness,4,twitter_emotions,0.5849904783831805,0.4085976402772127,0.5770308123249299,0.5102040816326531,0.6368903817939129,0.6597417568476905
150_twt_emotion_sadness,5,twitter_emotions,0.5777997885818724,0.40119295174708625,0.595438175270108,0.5038015206082433,0.6368903817939129,0.6597417568476905
150_twt_emotion_sadness,6,twitter_emotions,0.5988148684656478,0.4095092765220223,0.5378151260504201,0.48139255702280914,0.6368903817939129,0.6597417568476905
150_twt_emotion_sadness,7,twitter_emotions,0.579224475098929,0.4129567595217143,0.5986394557823129,0.4881952781112445,0.6368903817939129,0.6597417568476905
150_twt_emotion_sadness,8,twitter_emotions,0.6396559334057046,0.42517551416447574,0.4793917567026811,0.5158063225290116,0.6368903817939129,0.6597417568476905
150_twt_emotion_sadness,9,twitter_emotions,0.6532857359450663,0.41811390962584283,0.45858343337334934,0.4969987995198079,0.6368903817939129,0.6597417568476905
150_twt_emotion_sadness,10,twitter_emotions,0.5705177177157741,0.40484091352540874,0.6062424969987995,0.5014005602240896,0.6368903817939129,0.6597417568476905
150_twt_emotion_sadness,11,twitter_emotions,0.6158467619788102,0.4047174602191015,0.5130052020808323,0.4893957583033213,0.6368903817939129,0.6597417568476905
150_twt_emotion_sadness,12,twitter_emotions,0.8002819896777986,0.3829288918332838,0.264905962384954,0.5110044017607043,0.6368903817939129,0.6597417568476905
150_twt_emotion_sadness,13,twitter_emotions,0.8248824582778913,0.41482018973226253,0.25090036014405764,0.4973989595838335,0.6368903817939129,0.6597417568476905
150_twt_emotion_sadness,14,twitter_emotions,0.7648040864514467,0.42108273893653214,0.3353341336534614,0.5186074429771909,0.6368903817939129,0.6597417568476905
150_twt_emotion_sadness,15,twitter_emotions,0.6897395517832821,0.41589704196552923,0.40896358543417366,0.4793917567026811,0.6368903817939129,0.6597417568476905
151_it_tick_HR Support,0,it_tickets,0.7213209125300517,0.41576783405669304,0.4043447792571829,0.47512263489838824,0.6330845771144279,0.7932367863652037
151_it_tick_HR Support,1,it_tickets,0.9337295609391745,0.4246475046935061,0.12263489838822705,0.5080588647512263,0.6330845771144279,0.7932367863652037
151_it_tick_HR Support,2,it_tickets,0.7040377658389041,0.4087549787005804,0.4113524877365102,0.5066573230553609,0.6330845771144279,0.7932367863652037
151_it_tick_HR Support,3,it_tickets,0.8530025527975289,0.41247964303030504,0.2130343377715487,0.4940434477925718,0.6330845771144279,0.7932367863652037
151_it_tick_HR Support,4,it_tickets,0.9648316904241867,0.43094931276442283,0.06867554309740714,0.5346881569726699,0.6330845771144279,0.7932367863652037
151_it_tick_HR Support,5,it_tickets,0.7497367982116825,0.34097999608467733,0.3251576734407849,0.5192711983181499,0.6330845771144279,0.7932367863652037
151_it_tick_HR Support,6,it_tickets,0.8141930228520158,0.42416484638730956,0.23405746320953047,0.4940434477925718,0.6330845771144279,0.7932367863652037
151_it_tick_HR Support,7,it_tickets,0.9087514498260478,0.3517359545344234,0.1317449194113525,0.5234758234057463,0.6330845771144279,0.7932367863652037
151_it_tick_HR Support,8,it_tickets,0.8910319023928337,0.4057563821007317,0.19271198318149965,0.5199719691660827,0.6330845771144279,0.7932367863652037
151_it_tick_HR Support,9,it_tickets,0.4391896679260243,0.43861231786148225,0.7729502452697968,0.47652417659425367,0.6330845771144279,0.7932367863652037
151_it_tick_HR Support,10,it_tickets,0.47763778799000156,0.3964170795666937,0.7119831814996496,0.5059565522074282,0.6330845771144279,0.7932367863652037
151_it_tick_HR Support,11,it_tickets,0.7836573567520944,0.452774457213569,0.27610371408549406,0.48913805185704273,0.6330845771144279,0.7932367863652037
151_it_tick_HR Support,12,it_tickets,0.939952477105177,0.4171876030458972,0.09039943938332165,0.4982480728801682,0.6330845771144279,0.7932367863652037
151_it_tick_HR Support,13,it_tickets,0.8844125698252936,0.40597851258987916,0.14716187806587247,0.4688156972669937,0.6330845771144279,0.7932367863652037
151_it_tick_HR Support,14,it_tickets,0.9492240992925067,0.38344646238222513,0.06657323055360898,0.4758234057463209,0.6330845771144279,0.7932367863652037
151_it_tick_HR Support,15,it_tickets,0.8711870998356697,0.39898980418125496,0.15487035739313246,0.5052557813594954,0.6330845771144279,0.7932367863652037
152_it_tick_Hardware,0,it_tickets,0.7009840545461477,0.41788119595740225,0.4155571128241065,0.5017519271198319,0.6377887788778878,0.7445199743854982
152_it_tick_Hardware,1,it_tickets,0.3738919770783218,0.4227666610530314,0.7743517869656622,0.4772249474421864,0.6377887788778878,0.7445199743854982
152_it_tick_Hardware,2,it_tickets,0.49709285521216917,0.41534445422903765,0.6853538892782061,0.5059565522074282,0.6377887788778878,0.7445199743854982
152_it_tick_Hardware,3,it_tickets,0.45006192868470163,0.40198682908799865,0.767344078486335,0.5059565522074282,0.6377887788778878,0.7445199743854982
152_it_tick_Hardware,4,it_tickets,0.5546350226884209,0.4296644481183942,0.5718290119131044,0.4968465311843027,0.6377887788778878,0.7445199743854982
152_it_tick_Hardware,5,it_tickets,0.5415475238335288,0.422374698660392,0.5991590749824808,0.4898388227049755,0.6377887788778878,0.7445199743854982
152_it_tick_Hardware,6,it_tickets,0.5940146757864373,0.4249267504171428,0.5213735108619482,0.51156271899089,0.6377887788778878,0.7445199743854982
152_it_tick_Hardware,7,it_tickets,0.5283537648078314,0.42691395637657426,0.6362999299229152,0.5017519271198319,0.6377887788778878,0.7445199743854982
152_it_tick_Hardware,8,it_tickets,0.497794705958003,0.41391763053120867,0.6769446391030133,0.5024526979677646,0.6377887788778878,0.7445199743854982
152_it_tick_Hardware,9,it_tickets,0.4802086838681099,0.34286760618473,0.713384723195515,0.49964961457603363,0.6377887788778878,0.7445199743854982
152_it_tick_Hardware,10,it_tickets,0.46212686120477287,0.4103526962952959,0.7330063069376314,0.48703573931324456,0.6377887788778878,0.7445199743854982
152_it_tick_Hardware,11,it_tickets,0.5852133957583783,0.4184759028805689,0.5346881569726699,0.5059565522074282,0.6377887788778878,0.7445199743854982
152_it_tick_Hardware,12,it_tickets,0.7155989883170051,0.41871160150173514,0.41205325858444286,0.5094604064470918,0.6377887788778878,0.7445199743854982
152_it_tick_Hardware,13,it_tickets,0.6163468828958791,0.4209154923914842,0.48283111422564823,0.4940434477925718,0.6377887788778878,0.7445199743854982
152_it_tick_Hardware,14,it_tickets,0.5012257583789472,0.3330999582862515,0.6888577435178697,0.4793272599859846,0.6377887788778878,0.7445199743854982
152_it_tick_Hardware,15,it_tickets,0.5448918695501686,0.3446334486704006,0.5970567624386826,0.5108619481429573,0.6377887788778878,0.7445199743854982
153_it_tick_Administrative rights,0,it_tickets,0.7176945283771632,0.42180460154547617,0.39383321653819203,0.4968465311843027,0.6786365203684548,0.8869267523767302
153_it_tick_Administrative rights,1,it_tickets,0.872165580052572,0.4150999038328944,0.1807988787666433,0.4898388227049755,0.6786365203684548,0.8869267523767302
153_it_tick_Administrative rights,2,it_tickets,0.37964116585563956,0.39435128007024267,0.7722494744218641,0.5052557813594954,0.6786365203684548,0.8869267523767302
153_it_tick_Administrative rights,3,it_tickets,0.27821619604973646,0.3469880693501426,0.8780658724597057,0.4940434477925718,0.6786365203684548,0.8869267523767302
153_it_tick_Administrative rights,4,it_tickets,0.9596647397818718,0.4511408375930235,0.05746320953048353,0.5409950946040645,0.6786365203684548,0.8869267523767302
153_it_tick_Administrative rights,5,it_tickets,0.9609566365222901,0.4293175863948031,0.049754730203223546,0.49964961457603363,0.6786365203684548,0.8869267523767302
153_it_tick_Administrative rights,6,it_tickets,0.9625610082141753,0.3726515939695063,0.043447792571829014,0.4849334267694464,0.6786365203684548,0.8869267523767302
153_it_tick_Administrative rights,7,it_tickets,0.9501447486464669,0.40880038682563424,0.06236860546601261,0.4849334267694464,0.6786365203684548,0.8869267523767302
153_it_tick_Administrative rights,8,it_tickets,0.6144157303990685,0.4664372265293597,0.4933426769446391,0.5480028030833918,0.6786365203684548,0.8869267523767302
153_it_tick_Administrative rights,9,it_tickets,0.9496917339791238,0.4430605998250057,0.06166783461807989,0.5157673440784863,0.6786365203684548,0.8869267523767302
153_it_tick_Administrative rights,10,it_tickets,0.7789968489693009,0.4488239910722178,0.28241065171688856,0.49614576033637003,0.6786365203684548,0.8869267523767302
153_it_tick_Administrative rights,11,it_tickets,0.6046220365461954,0.39483078499874336,0.5136650315346881,0.5206727400140154,0.6786365203684548,0.8869267523767302
153_it_tick_Administrative rights,12,it_tickets,0.5263479726814402,0.3990697774454024,0.657323055360897,0.48283111422564823,0.6786365203684548,0.8869267523767302
153_it_tick_Administrative rights,13,it_tickets,0.5160278759464709,0.4368150119629366,0.6734407848633497,0.4877365101611773,0.6786365203684548,0.8869267523767302
153_it_tick_Administrative rights,14,it_tickets,0.5040258994379889,0.4081459398712126,0.6860546601261388,0.5143658023826209,0.6786365203684548,0.8869267523767302
153_it_tick_Administrative rights,15,it_tickets,0.9417790591552326,0.42947500720039544,0.0756832515767344,0.4863349684653118,0.6786365203684548,0.8869267523767302
154_athlete_sport_football,0,athlete_sports,0.49046077036333147,0.42276073453722773,0.6804065499717674,0.5059288537549407,0.8443319809034996,0.9461943197946981
154_athlete_sport_football,1,athlete_sports,0.7565702988297365,0.3695370961309119,0.2857142857142857,0.5279503105590062,0.8443319809034996,0.9461943197946981
154_athlete_sport_football,2,athlete_sports,0.44888994737952004,0.4012847389496468,0.6798418972332015,0.47939017504234893,0.8443319809034996,0.9461943197946981
154_athlete_sport_football,3,athlete_sports,0.1230791006102172,0.39218883727375076,0.9960474308300395,0.48898927159796723,0.8443319809034996,0.9461943197946981
154_athlete_sport_football,4,athlete_sports,0.9180230046366487,0.3706512989217363,0.09260304912478826,0.4850367024280068,0.8443319809034996,0.9461943197946981
154_athlete_sport_football,5,athlete_sports,0.9097656199655746,0.41981111854657516,0.10107284020327499,0.5059288537549407,0.8443319809034996,0.9461943197946981
154_athlete_sport_football,6,athlete_sports,0.16186326199163759,0.4061302066882919,0.9757199322416714,0.5002823263692829,0.8443319809034996,0.9461943197946981
154_athlete_sport_football,7,athlete_sports,0.09177871261551185,0.4270545492781246,0.9988706945228685,0.5177865612648221,0.8443319809034996,0.9461943197946981
154_athlete_sport_football,8,athlete_sports,0.956600848655089,0.4116131339283151,0.04743083003952569,0.5115753811405985,0.8443319809034996,0.9461943197946981
154_athlete_sport_football,9,athlete_sports,0.8660570650516126,0.4144645490427825,0.15697346132128742,0.49632975719932243,0.8443319809034996,0.9461943197946981
154_athlete_sport_football,10,athlete_sports,0.14601970811350884,0.20395693937043102,0.9937888198757764,0.4827780914737436,0.8443319809034996,0.9461943197946981
154_athlete_sport_football,11,athlete_sports,0.11468181801683541,0.3818420174373074,0.9971767363071711,0.4946357989836251,0.8443319809034996,0.9461943197946981
154_athlete_sport_football,12,athlete_sports,0.8047174987321022,0.4230204580389121,0.2365894974590627,0.49520045172219085,0.8443319809034996,0.9461943197946981
154_athlete_sport_football,13,athlete_sports,0.8014708230645322,0.3455553564737741,0.22868435911914173,0.4997176736307171,0.8443319809034996,0.9461943197946981
154_athlete_sport_football,14,athlete_sports,0.15737603965204916,0.4129293842405537,0.9909655561829475,0.47939017504234893,0.8443319809034996,0.9461943197946981
154_athlete_sport_football,15,athlete_sports,0.8794591231699693,0.42828018721661687,0.1422924901185771,0.49520045172219085,0.8443319809034996,0.9461943197946981
155_athlete_sport_basketball,0,athlete_sports,0.47486428121595825,0.4062129014188014,0.6996047430830039,0.49520045172219085,0.8779945807228571,0.9568500810024227
155_athlete_sport_basketball,1,athlete_sports,0.17952082466679453,0.3396055410859291,0.9909655561829475,0.5047995482778092,0.8779945807228571,0.9568500810024227
155_athlete_sport_basketball,2,athlete_sports,0.13782460026093402,0.387108922770806,0.9966120835686053,0.49181253529079616,0.8779945807228571,0.9568500810024227
155_athlete_sport_basketball,3,athlete_sports,0.14542287202210824,0.42411471385438215,0.9960474308300395,0.5031055900621118,0.8779945807228571,0.9568500810024227
155_athlete_sport_basketball,4,athlete_sports,0.11351630525751677,0.34180385150724124,0.9983060417843026,0.48898927159796723,0.8779945807228571,0.9568500810024227
155_athlete_sport_basketball,5,athlete_sports,0.10951113599189122,0.41925684849685085,0.9949181253529079,0.484472049689441,0.8779945807228571,0.9568500810024227
155_athlete_sport_basketball,6,athlete_sports,0.15700409176043784,0.3565965284194512,0.9909655561829475,0.5121400338791643,0.8779945807228571,0.9568500810024227
155_athlete_sport_basketball,7,athlete_sports,0.1548665564560021,0.40954617281831673,0.9915302089215132,0.5098814229249012,0.8779945807228571,0.9568500810024227
155_athlete_sport_basketball,8,athlete_sports,0.7828535104497634,0.40629733097547693,0.2648221343873518,0.5324675324675324,0.8779945807228571,0.9568500810024227
155_athlete_sport_basketball,9,athlete_sports,0.28230702465374113,0.4141183947301734,0.8977978543195935,0.5290796160361377,0.8779945807228571,0.9568500810024227
155_athlete_sport_basketball,10,athlete_sports,0.8223934849781673,0.36994838732634405,0.2111801242236025,0.5172219085262564,0.8779945807228571,0.9568500810024227
155_athlete_sport_basketball,11,athlete_sports,0.7655216380983323,0.34029196408250617,0.2857142857142857,0.5008469791078487,0.8779945807228571,0.9568500810024227
155_athlete_sport_basketball,12,athlete_sports,0.1838084064247434,0.332336072347297,0.9367588932806324,0.5081874647092038,0.8779945807228571,0.9568500810024227
155_athlete_sport_basketball,13,athlete_sports,0.9325159595260117,0.3539045383872843,0.07679277244494635,0.4997176736307171,0.8779945807228571,0.9568500810024227
155_athlete_sport_basketball,14,athlete_sports,0.1131003739258103,0.41491175758920007,0.9977413890457368,0.5093167701863354,0.8779945807228571,0.9568500810024227
155_athlete_sport_basketball,15,athlete_sports,0.8409039309403104,0.4031319130652611,0.1880293619424054,0.49632975719932243,0.8779945807228571,0.9568500810024227
156_athlete_sport_baseball,0,athlete_sports,0.4931107501632972,0.41112847328263125,0.6815358554488989,0.4878599661208357,0.9230548665968946,0.9708391277544408
156_athlete_sport_baseball,1,athlete_sports,0.8442732298236002,0.41987846416724106,0.17730095990965555,0.4980237154150198,0.9230548665968946,0.9708391277544408
156_athlete_sport_baseball,2,athlete_sports,0.1411735180147533,0.4176695847808243,0.9949181253529079,0.5042348955392434,0.9230548665968946,0.9708391277544408
156_athlete_sport_baseball,3,athlete_sports,0.17484724404707586,0.4188569202462469,0.9881422924901185,0.5070581592320723,0.9230548665968946,0.9708391277544408
156_athlete_sport_baseball,4,athlete_sports,0.8666395713049069,0.40789570788393426,0.15810276679841898,0.5251270468661773,0.9230548665968946,0.9708391277544408
156_athlete_sport_baseball,5,athlete_sports,0.13403208350296758,0.42199183520888495,0.9954827780914738,0.48955392433653305,0.9230548665968946,0.9708391277544408
156_athlete_sport_baseball,6,athlete_sports,0.45124931016566827,0.33758654581084446,0.6815358554488989,0.48898927159796723,0.9230548665968946,0.9708391277544408
156_athlete_sport_baseball,7,athlete_sports,0.8609594197701871,0.38740452453409135,0.15697346132128742,0.4991530208921513,0.9230548665968946,0.9708391277544408
156_athlete_sport_baseball,8,athlete_sports,0.10833320613063013,0.4000116652013097,0.9971767363071711,0.48334274421230944,0.9230548665968946,0.9708391277544408
156_athlete_sport_baseball,9,athlete_sports,0.270489842138546,0.4273974450628959,0.9113495200451722,0.49520045172219085,0.9230548665968946,0.9708391277544408
156_athlete_sport_baseball,10,athlete_sports,0.08744271642733614,0.4341696557916144,0.9994353472614342,0.5008469791078487,0.9230548665968946,0.9708391277544408
156_athlete_sport_baseball,11,athlete_sports,0.4091127392994285,0.3845972375830302,0.6990400903444381,0.5335968379446641,0.9230548665968946,0.9708391277544408
156_athlete_sport_baseball,12,athlete_sports,0.9160250283265134,0.3609872198412596,0.09147374364765669,0.5019762845849802,0.9230548665968946,0.9708391277544408
156_athlete_sport_baseball,13,athlete_sports,0.15413963508575068,0.4244745482829255,0.9926595143986449,0.5194805194805194,0.9230548665968946,0.9708391277544408
156_athlete_sport_baseball,14,athlete_sports,0.9549097020011392,0.3560294073400929,0.06041784302653868,0.49181253529079616,0.9230548665968946,0.9708391277544408
156_athlete_sport_baseball,15,athlete_sports,0.10716134307579694,0.4372535546060665,0.9988706945228685,0.48221343873517786,0.9230548665968946,0.9708391277544408
157_amazon_5star,0,other,0.8079465117681375,0.4150773612597465,0.2571285642821411,0.48024012006003003,0.8549394923755343,0.953014020264584
157_amazon_5star,1,other,0.6080300301673534,0.4070833001354923,0.503751875937969,0.5102551275637819,0.8549394923755343,0.953014020264584
157_amazon_5star,2,other,0.5953548644790299,0.4123712190739022,0.535767883941971,0.5187593796898449,0.8549394923755343,0.953014020264584
157_amazon_5star,3,other,0.586609071824463,0.38592773064485386,0.5377688844422212,0.4817408704352176,0.8549394923755343,0.953014020264584
157_amazon_5star,4,other,0.6123135093971537,0.3651488082474843,0.5097548774387194,0.5417708854427213,0.8549394923755343,0.953014020264584
157_amazon_5star,5,other,0.8114525806976569,0.3818653423844882,0.2496248124062031,0.535767883941971,0.8549394923755343,0.953014020264584
157_amazon_5star,6,other,0.586094696714774,0.40865130184044207,0.5447723861930965,0.5157578789394698,0.8549394923755343,0.953014020264584
157_amazon_5star,7,other,0.5911972321826127,0.4258401978341735,0.5187593796898449,0.4927463731865933,0.8549394923755343,0.953014020264584
157_amazon_5star,8,other,0.5966405266576831,0.28349385296861884,0.5192596298149075,0.5217608804402201,0.8549394923755343,0.953014020264584
157_amazon_5star,9,other,0.6281652625244549,0.42086649958991096,0.4882441220610305,0.5047523761880941,0.8549394923755343,0.953014020264584
157_amazon_5star,10,other,0.631079949815383,0.3991605297185441,0.48774387193596797,0.4777388694347174,0.8549394923755343,0.953014020264584
157_amazon_5star,11,other,0.8377588390322841,0.4229801003037057,0.19259629814907453,0.5002501250625313,0.8549394923755343,0.953014020264584
157_amazon_5star,12,other,0.5940165732929767,0.44573052490809517,0.5282641320660331,0.47073536768384194,0.8549394923755343,0.953014020264584
157_amazon_5star,13,other,0.7131412595922417,0.4220890108015982,0.36718359179589793,0.5202601300650325,0.8549394923755343,0.953014020264584
157_amazon_5star,14,other,0.8600621576918208,0.38578193825649576,0.17108554277138568,0.4672336168084042,0.8549394923755343,0.953014020264584
157_amazon_5star,15,other,0.8392737916932851,0.41584698910754603,0.1965982991495748,0.5082541270635318,0.8549394923755343,0.953014020264584
158_code_C,0,code_languages,0.5701606875616143,0.397120388273003,0.5123780945236309,0.49912478119529885,0.9972548828195616,0.9999674599214698
158_code_C,1,code_languages,0.523563491089474,0.40745925309161946,0.6349087271817955,0.48487121780445114,0.9972548828195616,0.9999674599214698
158_code_C,2,code_languages,0.47720477428683594,0.42701362698276046,0.6571642910727682,0.4808702175543886,0.9972548828195616,0.9999674599214698
158_code_C,3,code_languages,0.5269598574713907,0.41479661394251943,0.6034008502125532,0.5058764691172793,0.9972548828195616,0.9999674599214698
158_code_C,4,code_languages,0.607125992427693,0.4213410741820989,0.4808702175543886,0.5001250312578145,0.9972548828195616,0.9999674599214698
158_code_C,5,code_languages,0.6111958046413726,0.4464812223973651,0.47461865466366593,0.5441360340085021,0.9972548828195616,0.9999674599214698
158_code_C,6,code_languages,0.745819493409364,0.38662543287597706,0.32833208302075517,0.5106276569142285,0.9972548828195616,0.9999674599214698
158_code_C,7,code_languages,0.4989912108536434,0.31826850600981627,0.673918479619905,0.47886971742935736,0.9972548828195616,0.9999674599214698
158_code_C,8,code_languages,0.7275462353889839,0.3942613439701288,0.3628407101775444,0.5001250312578145,0.9972548828195616,0.9999674599214698
158_code_C,9,code_languages,0.5462133672661718,0.39572683777858186,0.7036759189797449,0.4886221555388847,0.9972548828195616,0.9999674599214698
158_code_C,10,code_languages,0.7488549011088044,0.43275405706064474,0.30207551887971995,0.5151287821955489,0.9972548828195616,0.9999674599214698
158_code_C,11,code_languages,0.7648447921054149,0.418173126031369,0.2865716429107277,0.5023755938984746,0.9972548828195616,0.9999674599214698
158_code_C,12,code_languages,0.5135008491330268,0.3670729016880845,0.7379344836209052,0.44111027756939236,0.9972548828195616,0.9999674599214698
158_code_C,13,code_languages,0.5773867661643663,0.3824249122055574,0.6434108527131783,0.5031257814453614,0.9972548828195616,0.9999674599214698
158_code_C,14,code_languages,0.6168565174165226,0.4122422141892441,0.574143535883971,0.49237309327331835,0.9972548828195616,0.9999674599214698
158_code_C,15,code_languages,0.5082625202281432,0.3641605766080751,0.738434608652163,0.49362340585146286,0.9972548828195616,0.9999674599214698
159_code_Python,0,code_languages,0.6061186554691407,0.40266351561541525,0.5238809702425606,0.47936984246061515,0.9969642818404668,0.9998341359886037
159_code_Python,1,code_languages,0.6104631759296697,0.405422634899538,0.5061265316329082,0.5211302825706426,0.9969642818404668,0.9998341359886037
159_code_Python,2,code_languages,0.6153984973951441,0.37183013751077487,0.4883720930232558,0.49637409352338085,0.9969642818404668,0.9998341359886037
159_code_Python,3,code_languages,0.6034174196256334,0.414578713427908,0.49712428107026757,0.47261815453863465,0.9969642818404668,0.9998341359886037
159_code_Python,4,code_languages,0.6121786696504696,0.41970425128626654,0.48012003000750186,0.45911477869467365,0.9969642818404668,0.9998341359886037
159_code_Python,5,code_languages,0.4996115720106755,0.40247499802334974,0.6824206051512878,0.5023755938984746,0.9969642818404668,0.9998341359886037
159_code_Python,6,code_languages,0.6841725183245053,0.43201168085155217,0.423105776444111,0.46236559139784944,0.9969642818404668,0.9998341359886037
159_code_Python,7,code_languages,0.7737803607810065,0.3878646222162905,0.31407851962990746,0.5068767191797949,0.9969642818404668,0.9998341359886037
159_code_Python,8,code_languages,0.7018942153098782,0.36398154910666247,0.43810952738184544,0.45136284071017757,0.9969642818404668,0.9998341359886037
159_code_Python,9,code_languages,0.7076950304441276,0.3760760468848823,0.4203550887721931,0.5301325331332833,0.9969642818404668,0.9998341359886037
159_code_Python,10,code_languages,0.8014040810820342,0.41016638268580263,0.2730682670667667,0.4881220305076269,0.9969642818404668,0.9998341359886037
159_code_Python,11,code_languages,0.5306983274491341,0.4075225010368593,0.6086521630407602,0.49762440610152536,0.9969642818404668,0.9998341359886037
159_code_Python,12,code_languages,0.7990483667107253,0.39608153521451217,0.2738184546136534,0.5136284071017755,0.9969642818404668,0.9998341359886037
159_code_Python,13,code_languages,0.79424765841,0.39104041660589073,0.28907226806701675,0.48637159289822457,0.9969642818404668,0.9998341359886037
159_code_Python,14,code_languages,0.8212034597327342,0.40586883159568266,0.2423105776444111,0.4948737184296074,0.9969642818404668,0.9998341359886037
159_code_Python,15,code_languages,0.8201509856259317,0.4133559430692444,0.26556639159789946,0.5071267816954238,0.9969642818404668,0.9998341359886037
160_code_HTML,0,code_languages,0.737632162507255,0.20126316887694862,0.396099024756189,0.5046261565391348,0.9861885444461316,0.9985718521089586
160_code_HTML,1,code_languages,0.684988924475372,0.4239173008576149,0.4706176544136034,0.5158789697424356,0.9861885444461316,0.9985718521089586
160_code_HTML,2,code_languages,0.7555377040074072,0.3911678837489443,0.34108527131782945,0.4966241560390098,0.9861885444461316,0.9985718521089586
160_code_HTML,3,code_languages,0.793793392432713,0.4796756008849634,0.3108277069267317,0.4271067766941735,0.9861885444461316,0.9985718521089586
160_code_HTML,4,code_languages,0.680998826051491,0.385666663686999,0.4541135283820955,0.5016254063515879,0.9861885444461316,0.9985718521089586
160_code_HTML,5,code_languages,0.8169586518361942,0.43875584203454454,0.27181795448862217,0.4453613403350838,0.9861885444461316,0.9985718521089586
160_code_HTML,6,code_languages,0.7856808932480017,0.42053568467503655,0.3313328332083021,0.5301325331332833,0.9861885444461316,0.9985718521089586
160_code_HTML,7,code_languages,0.7427853254593813,0.4327337194761425,0.3533383345836459,0.5186296574143536,0.9861885444461316,0.9985718521089586
160_code_HTML,8,code_languages,0.7422582785819993,0.44161232736241063,0.32033008252063017,0.5358839709927482,0.9861885444461316,0.9985718521089586
160_code_HTML,9,code_languages,0.8154381230875014,0.4362751192521306,0.2565641410352588,0.4601150287571893,0.9861885444461316,0.9985718521089586
160_code_HTML,10,code_languages,0.7758542231005932,0.41834644293261336,0.3290822705676419,0.48612153038259565,0.9861885444461316,0.9985718521089586
160_code_HTML,11,code_languages,0.8829217205799507,0.37706017088262844,0.1630407601900475,0.5321330332583146,0.9861885444461316,0.9985718521089586
160_code_HTML,12,code_languages,0.8377707463176527,0.4034384897809562,0.20205051262815704,0.5158789697424356,0.9861885444461316,0.9985718521089586
160_code_HTML,13,code_languages,0.8783022040313955,0.4226268894373191,0.18479619904976244,0.4778694673668417,0.9861885444461316,0.9985718521089586
160_code_HTML,14,code_languages,0.894714646140198,0.3803826764157934,0.17704426106526633,0.5168792198049512,0.9861885444461316,0.9985718521089586
160_code_HTML,15,code_languages,0.8780635338742537,0.426558932635569,0.180545136284071,0.5256314078519629,0.9861885444461316,0.9985718521089586
161_agnews_0,0,agnews,0.6386067081862428,0.4869429145655757,0.4358589647411853,0.43560890222555637,0.9973005293186108,1.0
161_agnews_0,1,agnews,0.6383662691452343,0.5127656652971557,0.4271067766941735,0.5246311577894474,0.9973005293186108,1.0
161_agnews_0,2,agnews,0.6398314571472559,0.3701657654280488,0.4251062765691423,0.5536384096024006,0.9973005293186108,1.0
161_agnews_0,3,agnews,0.6493151300815592,0.4647967513160389,0.4216054013503376,0.5336334083520881,0.9973005293186108,1.0
161_agnews_0,4,agnews,0.8200561312817094,0.4260529078596449,0.2593148287071768,0.5141285321330332,0.9973005293186108,1.0
161_agnews_0,5,agnews,0.8033732767022139,0.3648394076613919,0.28307076769192296,0.4846211552888222,0.9973005293186108,1.0
161_agnews_0,6,agnews,0.7708707465342777,0.3142097949370004,0.3150787696924231,0.5078769692423106,0.9973005293186108,1.0
161_agnews_0,7,agnews,0.8286068637696091,0.41478409180877773,0.22955738934733683,0.4751187796949237,0.9973005293186108,1.0
161_agnews_0,8,agnews,0.8048252247136869,0.3404560917837498,0.2725681420355089,0.4941235308827207,0.9973005293186108,1.0
161_agnews_0,9,agnews,0.5867586859512977,0.4305963977243199,0.6401600400100025,0.47336834208552137,0.9973005293186108,1.0
161_agnews_0,10,agnews,0.8538337506281533,0.41103722696205813,0.21605401350337583,0.5141285321330332,0.9973005293186108,1.0
161_agnews_0,11,agnews,0.5479419350254053,0.275485199155695,0.6829207301825456,0.4643660915228807,0.9973005293186108,1.0
161_agnews_0,12,agnews,0.8495841274990756,0.4004347607658738,0.19879969992498125,0.5051262815703926,0.9973005293186108,1.0
161_agnews_0,13,agnews,0.6392079397047798,0.3545266484813421,0.5451362840710178,0.5338834708677169,0.9973005293186108,1.0
161_agnews_0,14,agnews,0.5977177139646404,0.42168097454069775,0.6099024756189048,0.4553638409602401,0.9973005293186108,1.0
161_agnews_0,15,agnews,0.7795793843760035,0.30055505566742413,0.29582395598899724,0.4453613403350838,0.9973005293186108,1.0
162_agnews_1,0,agnews,0.6612428456703874,0.4886103595265969,0.4143535883970993,0.44561140285071266,0.9966655458417395,1.0
162_agnews_1,1,agnews,0.6894489083807704,0.5144398771687304,0.40385096274068516,0.5303825956489122,0.9966655458417395,1.0
162_agnews_1,2,agnews,0.6743207681535834,0.47302828059941837,0.40860215053763443,0.5256314078519629,0.9966655458417395,1.0
162_agnews_1,3,agnews,0.7176947823494355,0.36055448642569377,0.38284571142785695,0.5383845961490372,0.9966655458417395,1.0
162_agnews_1,4,agnews,0.8202957875480639,0.3098212119030088,0.2585646411602901,0.4573643410852713,0.9966655458417395,1.0
162_agnews_1,5,agnews,0.7670828671474104,0.3539126704595834,0.3210802700675169,0.4661165291322831,0.9966655458417395,1.0
162_agnews_1,6,agnews,0.8036666400683825,0.366635662197327,0.28232058014503625,0.4728682170542636,0.9966655458417395,1.0
162_agnews_1,7,agnews,0.8286068637696091,0.36421784079459796,0.22955738934733683,0.5203800950237559,0.9966655458417395,1.0
162_agnews_1,8,agnews,0.753190433152434,0.4009836621565621,0.31807951987997,0.5191297824456114,0.9966655458417395,1.0
162_agnews_1,9,agnews,0.8312244393362211,0.38017022376082976,0.23930982745686422,0.5766441610402601,0.9966655458417395,1.0
162_agnews_1,10,agnews,0.8031557229752604,0.320714573473456,0.2768192048012003,0.47536884221055264,0.9966655458417395,1.0
162_agnews_1,11,agnews,0.8539278462022584,0.3886283176805836,0.21580395098774693,0.4723680920230057,0.9966655458417395,1.0
162_agnews_1,12,agnews,0.8367671972508177,0.396635828905731,0.23980995248812204,0.46986746686671665,0.9966655458417395,1.0
162_agnews_1,13,agnews,0.7965971926395552,0.3777085351757081,0.2868217054263566,0.47136784196049014,0.9966655458417395,1.0
162_agnews_1,14,agnews,0.8491764446388359,0.40022516369259287,0.2000500125031258,0.5028757189297325,0.9966655458417395,1.0
162_agnews_1,15,agnews,0.8718921101694284,0.4421353569227373,0.20130032508127033,0.5343835958989748,0.9966655458417395,1.0
163_agnews_2,0,agnews,0.652055688610133,0.4854421099395503,0.4218554638659665,0.44511127781945486,0.9960228792907708,1.0
163_agnews_2,1,agnews,0.6598332897670076,0.44104067028365734,0.40960240060015,0.5443860965241311,0.9960228792907708,1.0
163_agnews_2,2,agnews,0.6664822377672512,0.38276388537458983,0.40860215053763443,0.48637159289822457,0.9960228792907708,1.0
163_agnews_2,3,agnews,0.6757542982674409,0.3744149830344914,0.41310327581895473,0.45911477869467365,0.9960228792907708,1.0
163_agnews_2,4,agnews,0.8206252043859268,0.2995490797513598,0.25756439109777446,0.45311327831957987,0.9960228792907708,1.0
163_agnews_2,5,agnews,0.8035612490101931,0.3234359128266693,0.28257064266066517,0.5036259064766192,0.9960228792907708,1.0
163_agnews_2,6,agnews,0.8285092541194852,0.3887750291111647,0.22980745186296575,0.5303825956489122,0.9960228792907708,1.0
163_agnews_2,7,agnews,0.7414632652738806,0.4659225032768981,0.3285821455363841,0.536384096024006,0.9960228792907708,1.0
163_agnews_2,8,agnews,0.8047200651848616,0.4145868550703331,0.2728182045511378,0.5058764691172793,0.9960228792907708,1.0
163_agnews_2,9,agnews,0.8539278462022584,0.4176875954298038,0.21580395098774693,0.5223805951487872,0.9960228792907708,1.0
163_agnews_2,10,agnews,0.83419596671949,0.3352516181772951,0.2565641410352588,0.4903725931482871,0.9960228792907708,1.0
163_agnews_2,11,agnews,0.849293946473086,0.42805157058140675,0.19954988747186797,0.5433858464616154,0.9960228792907708,1.0
163_agnews_2,12,agnews,0.5585681909634781,0.4381223497303144,0.6721680420105026,0.5383845961490372,0.9960228792907708,1.0
163_agnews_2,13,agnews,0.8593447231712694,0.4187009322455748,0.19504876219054765,0.49687421855463865,0.9960228792907708,1.0
163_agnews_2,14,agnews,0.8124805989231914,0.41499070504306546,0.26106526631657917,0.4723680920230057,0.9960228792907708,1.0
163_agnews_2,15,agnews,0.8322580214168669,0.411122251139288,0.23280820205051264,0.48237059264816207,0.9960228792907708,1.0
